term	realization	matches	good	total	precision	kept	example_failure	example_failure_bound_words
have a normal one	filled	19080	5	12	0.42	no	Have a drink with me.	Have … drink
have someone going	filled	19080	0	12	0.00	no	A Japanese garden usually has a pond in it.	has … pond
have something going for one	filled	19080	0	12	0.00	no	A Japanese garden usually has a pond in it.	has … pond
have something on good authority	filled	19080	0	12	0.00	no	A Japanese garden usually has a pond in it.	has … pond
have something over someone	filled	19080	0	12	0.00	no	A Japanese garden usually has a pond in it.	has … pond
have something to show for something	filled	19080	0	12	0.00	no	A Japanese garden usually has a pond in it.	has … pond
all one wants	filled	13203	0	12	0.00	no	A Luftwaffe captain wants to see the prisoners in the detention barracks.	captain … wants
do someone like that	filled	12012	0	12	0.00	no	A Japanese would never do such a thing.	do … thing
all one likes	filled	6834	1	12	0.08	no	A cousin who's LIKE a younger sister, really.	who … LIKE
make one	filled	6654	1	12	0.08	no	A German hostess made love to a Turk on an intercontinental flight.	made … love
know someone	filled	4199	4	12	0.33	no	A baby does not know good or evil.	know … good
know someone from Adam	filled	4199	0	12	0.00	no	A baby does not know good or evil.	know … good
know someone from Adam's off ox	filled	4199	0	12	0.00	no	A baby does not know good or evil.	know … good
know someone from Eve	filled	4199	0	12	0.00	no	A baby does not know good or evil.	know … good
know someone from a can of paint	filled	4199	0	12	0.00	no	A baby does not know good or evil.	know … good
know someone from a hole in the ground	filled	4199	0	12	0.00	no	A baby does not know good or evil.	know … good
know someone from a hole in the wall	filled	4199	0	12	0.00	no	A baby does not know good or evil.	know … good
know someone from the man in the moon	filled	4199	0	12	0.00	no	A baby does not know good or evil.	know … good
know someone from the man on the moon	filled	4199	0	12	0.00	no	A baby does not know good or evil.	know … good
give someone something to think about	filled	3566	0	12	0.00	no	A cow gives us milk.	gives … us … milk
find oneself	filled	3325	0	12	0.00	no	A few bucks to keep things quiet no matter what they found.	what … found
help oneself	filled	2448	1	12	0.08	no	A cigarette might help my memory.	help … memory
buy the big one	filled	2108	0	12	0.00	no	A few dollars to buy some record albums?	buy … albums
kill oneself	filled	2034	0	12	0.00	no	A blow from a falling stone killed him.	killed … him
talk to oneself	filled	1502	0	12	0.00	no	A cop, he wanted to talk to mom.	talk … to … mom
you know something	filled	1319	7	12	0.58	no	Do you know Aman?	you … know … Aman
what someone said	filled	1171	9	12	0.75	yes	What did the boy say?	What … boy … say
make one	clitic	1112	8	12	0.67	yes	I know I can make it.	make … it
come to oneself	filled	1030	0	12	0.00	no	A few minutes ago, a good idea came to me.	came … to … me
show oneself	filled	979	1	12	0.08	no	A chance for Faramir, captain of Gondor, to show his quality.	show … quality
know someone from Adam	clitic	828	0	12	0.00	no	A man is an animal willing to die for those who know him well.	know … him
know someone from Adam's off ox	clitic	828	0	12	0.00	no	A man is an animal willing to die for those who know him well.	know … him
know someone from a can of paint	clitic	828	0	12	0.00	no	A man is an animal willing to die for those who know him well.	know … him
know someone from a hole in the ground	clitic	828	0	12	0.00	no	A man is an animal willing to die for those who know him well.	know … him
know someone from the man in the moon	clitic	828	0	12	0.00	no	A man is an animal willing to die for those who know him well.	know … him
forget oneself	filled	827	0	12	0.00	no	A good friend never forgets us.	forgets … us
be oneself	filled	803	0	12	0.00	no	A man's happiness doesn't depend on what he has, but on what he is.	what … is
change oneself	filled	798	1	12	0.08	no	A book can change your life.	change … life
drink something like lemonade	filled	771	10	12	0.83	yes	Let's drink a toast to our friends!	drink … toast
have something on good authority	clitic	661	0	12	0.00	no	A shot in his back and then you would have him out of the way in no time at all.	have … him
have something to show for something	clitic	661	0	12	0.00	no	A shot in his back and then you would have him out of the way in no time at all.	have … him
cut oneself	filled	583	2	12	0.17	no	A Shah may cut off the head of anyone he dislikes.	cut … head
trust someone across the street	filled	570	0	12	0.00	no	A girl works for you for ten years, you trust her.	trust … her
teach someone who's the boss	filled	564	0	12	0.00	no	A premium teacher should teach premium kids.	teach … kids
say to oneself	filled	451	0	12	0.00	no	A relative's come from America and wants to say hello to you.	say … to … you
have something going for one	clitic	438	0	12	0.00	no	After school, you can have it back again.	have … it
know someone	clitic	430	7	12	0.58	no	But we can't, and you know it.	know … it
know someone from the man on the moon	clitic	430	0	12	0.00	no	After all, you know me.	know … me
enjoy oneself	filled	429	5	12	0.42	no	Algerians enjoy access to the Internet.	enjoy … access
carry oneself	filled	405	0	12	0.00	no	A cargo ship carrying munitions explodes in the harbor.	carrying … munitions
beat oneself	filled	381	1	12	0.08	no	Beat it, old jerk, I'm busy.	Beat … it
let one go	filled	374	10	12	0.83	yes	I'll let Tom go.	let … Tom … go
let oneself go	filled	374	0	12	0.00	no	Alika, as the Eagle Woman I command you to let me go.	let … me … go
let someone go	filled	374	11	12	0.92	yes	Just let it go.	let … it … go
pull oneself	filled	356	6	12	0.50	no	Actually, we have to pull it off before he gets here.	pull … it
have someone going	clitic	352	0	12	0.00	no	A shot in his back and then you would have him out of the way in no time at all.	have … him
one's way	filled	350	4	12	0.33	no	A honeybee, all the way to its hive.	way … hive
in something's way	clitic	324	1	12	0.08	no	A caravan of fifty camels slowly made its way through the desert.	its … way
one's way	clitic	324	12	12	1.00	yes		
have something over someone	clitic	309	0	12	0.00	no	After school, you can have it back again.	have … it
good for someone	filled	304	4	12	0.33	no	Doctors are good for nothing.	good … for … nothing
let one go	clitic	294	7	12	0.58	no	I can't let you go in there alone.	let … you … go
trust someone across the street	clitic	286	12	12	1.00	yes		
piece of someone	filled	279	5	12	0.42	no	Come on, you piece of shit.	piece … of … shit
cross oneself	filled	256	0	12	0.00	no	A deer crossed the road.	crossed … road
handle oneself	filled	245	0	12	0.00	no	And he can handle his relationship by himself.	handle … relationship
give it to someone	filled	213	12	12	1.00	yes		
live with oneself	filled	210	1	12	0.08	no	After her mother's death, Amélie lives alone with her father.	lives … with … father
what has someone done	filled	203	12	12	1.00	yes		
work one's passage	clitic	201	0	12	0.00	no	A few minutes after he finished his work, he went to bed.	his … work
know someone from Eve	clitic	188	0	12	0.00	no	After all, you know me.	know … me
know someone from a hole in the wall	clitic	188	0	12	0.00	no	After all, you know me.	know … me
rest one's case	filled	180	0	12	0.00	no	And I love the rest of your face, too.	rest … face
what can one do	filled	173	8	12	0.67	yes	About your request, I'll see what I can do.	what … I … can … do
owe someone one	filled	159	6	12	0.50	no	And I do think you owe him an apology.	owe … him … apology
live one	filled	156	5	12	0.42	no	After living out her fair span of years, she will be yours.	living … span
of someone's life	clitic	152	12	12	1.00	yes		
collect oneself	filled	151	0	12	0.00	no	After I collected it.	collected … it
teach someone who's the boss	clitic	148	2	12	0.17	no	Anand Sir taught us to see.	taught … us
clothes on one's back	clitic	146	0	12	0.00	no	Adjust your clothes.	your … clothes
in one's life	clitic	143	8	12	0.67	yes	After fighting, everything else in your life got the volume turned down.	in … your … life
bear oneself	filled	141	0	12	0.00	no	A true king would bear the lushness of its plumage for all to see.	bear … lushness
prove oneself	filled	141	0	12	0.00	no	A comparison proves nothing.	proves … nothing
feel like oneself	filled	127	0	12	0.00	no	After running ten kilometers, my legs felt like mush.	felt … like … mush
for someone's sake	filled	123	12	12	1.00	yes		
promised one	filled	118	10	12	0.83	yes	Is there a land that promises peace to weary souls?	promises … peace
on one's own	clitic	114	11	12	0.92	yes	A stone is heavy on its own turf.	on … its … own
on one's way	clitic	113	12	12	1.00	yes		
sorry for oneself	filled	111	7	12	0.58	no	I'm sorry for the short deadline.	sorry … for … deadline
work one's passage	filled	108	0	12	0.00	no	A lot less work for you.	lot … work
suit oneself	filled	107	12	12	1.00	yes		
up to something	filled	107	8	12	0.67	yes	According to the papers, François Bayrou is going up again in the surveys.	to … papers … up
full of one's self	filled	103	12	12	1.00	yes		
full of oneself	filled	103	0	12	0.00	no	A bathtub full of hot water.	full … of … water
repeat oneself	filled	101	11	12	0.92	yes	A man over there repeated blinks at me.	repeated … blinks
bless oneself	filled	97	0	12	0.00	no	And God bless you.	bless … you
watch one's tongue	clitic	97	0	12	0.00	no	A blind woman who sensed my presence and groped at her watch.	her … watch
put oneself out	filled	92	0	12	0.00	no	All them Chinks putting Americans out of work.	putting … Americans … out
what was someone thinking	filled	92	6	12	0.50	no	And what are you thinking about now?	what … are … you … thinking
fall into oneself	filled	89	0	12	0.00	no	A fly fell into my cup of coffee.	fell … into … cup
tell us another one	filled	89	2	12	0.17	no	About Lucilla, why don't you tell us something about her?	tell … us … something
you know something	clitic	87	12	12	1.00	yes		
contain oneself	filled	85	0	12	0.00	no	A good question contains half the answer.	contains … half
express oneself	filled	85	12	12	1.00	yes		
get over oneself	filled	85	0	12	0.00	no	All right, let's get this over with.	get … this … over
out of someone's hands	filled	85	0	12	0.00	no	All this is so out of the blue Mohan.	out … of … blue
show oneself	clitic	85	0	12	0.00	no	Ah, let me show you.	show … you
wipe oneself	filled	85	6	12	0.50	no	Go there and wipe them clean.	wipe … them
use one's coconut	filled	84	0	12	0.00	no	An operation would have been no earthly use at all.	use … all
get someone there	filled	76	7	12	0.58	no	And I got a piece of the action there.	got … piece … there
know what one is doing	filled	76	3	12	0.25	no	And you know what I'm gonna do to nitpicking pricks?	know … what … I … 'm … do
let someone go	clitic	76	8	12	0.67	yes	I said, Let it go.	Let … it … go
on one's way	filled	76	12	12	1.00	yes		
sure of oneself	filled	75	0	12	0.00	no	And we'll only be sure of that when you're dead.	sure … of … that
do one's homework	clitic	74	12	12	1.00	yes		
letters after one's name	clitic	74	0	12	0.00	no	Did you acknowledge his letter?	his … letter
on one's side	filled	74	4	12	0.33	no	He is still on the right side of forty.	on … side … forty
on someone's side	filled	74	3	12	0.25	no	He is still on the right side of forty.	on … side … forty
one's turn	clitic	71	12	12	1.00	yes		
take one up	filled	70	1	12	0.08	no	A political campaign takes up a lot of time.	takes … up … lot
give someone time	filled	69	9	12	0.75	yes	Don't give me a hard time, I didn't take anyone's job away.	give … me … time
walk one's shots	filled	68	0	12	0.00	no	A mouse went for a walk on the table.	walk … table
run into one	filled	67	5	12	0.42	no	A guy nearly ran into us.	ran … into … us
hug oneself	filled	66	0	12	0.00	no	Anthony hugs Mary.	hugs … Mary
gather oneself	filled	63	0	12	0.00	no	A rolling stone gathers no moss.	gathers … moss
in someone's eyes	clitic	63	0	12	0.00	no	A blood vessel broke in my eye.	in … my … eye
pick on someone your own size	clitic	61	0	12	0.00	no	Because your mom said she'd pick you up?	pick … you
piss oneself	filled	59	1	12	0.08	no	And it's really starting to piss me off, Dave, because I can't cry for her.	piss … me
give someone a hand	filled	58	12	12	1.00	yes		
master of one's time	clitic	57	0	12	0.00	no	Another half hour, and our master will be back here.	our … master
change one's mind	clitic	56	12	12	1.00	yes		
change someone's mind	clitic	56	12	12	1.00	yes		
how dare someone	filled	55	12	12	1.00	yes		
save someone's life	clitic	54	12	12	1.00	yes		
happy to see someone	filled	53	12	12	1.00	yes		
see for oneself	filled	52	10	12	0.83	yes	And so I saw the Black Sea for the first time.	saw … for … time
in someone's time	filled	51	0	12	0.00	no	Anyone who increases his wealth in time of war is a war profiteer.	in … time … war
pain in one's ass	filled	51	7	12	0.58	no	All of a sudden, I felt a sharp pain in my stomach.	pain … in … stomach
have someone there	filled	50	6	12	0.50	no	Agnelli has coffee there every morning and he confided in him.	has … coffee … there
in one's pocket	clitic	50	12	12	1.00	yes		
in someone's pocket	clitic	50	12	12	1.00	yes		
king of all one surveys	filled	50	0	12	0.00	no	A record won't make you into the king of England.	king … of … England
wash one's hands	clitic	50	1	12	0.08	no	Before eating anything, you should wash your hands.	wash … your … hands
drink something like lemonade	clitic	47	12	12	1.00	yes		
one's hour	filled	47	0	12	0.00	no	A star shines on the hour of our meeting.	hour … meeting
drive someone crazy	filled	46	12	12	1.00	yes		
in one's opinion	clitic	46	12	12	1.00	yes		
sort oneself out	filled	46	1	12	0.08	no	But if you decide not to go, tell me and I'll sort it out.	sort … it … out
brush one's teeth	clitic	44	12	12	1.00	yes		
crack one	filled	44	1	12	0.08	no	And we haven't even cracked Appendix-D.	cracked … Appendix
on one's back	clitic	44	1	12	0.08	no	All because of the pat on my back and a kick on my butt from you sir.	on … my … back
on one's feet	clitic	44	9	12	0.75	yes	But I need it to stay on my feet.	on … my … feet
on someone's back	clitic	44	1	12	0.08	no	All because of the pat on my back and a kick on my butt from you sir.	on … my … back
trust someone to	filled	44	0	12	0.00	no	Before God, his grace is bold to trust these traitors.	to … trust … traitors
hold one's nose	filled	42	0	12	0.00	no	Dharamdas, get a hold on yourself.	hold … yourself
hold one's peace	filled	42	0	12	0.00	no	Dharamdas, get a hold on yourself.	hold … yourself
hold one's piece	filled	42	0	12	0.00	no	Dharamdas, get a hold on yourself.	hold … yourself
keep to oneself	filled	41	7	12	0.58	no	Don't try to keep her to yourself.	keep … to … yourself
make up one's mind	clitic	41	12	12	1.00	yes		
close one's eyes	clitic	40	12	12	1.00	yes		
make oneself clear	filled	40	5	12	0.42	no	But let me make one thing clear.	make … thing … clear
do what one does	filled	39	3	12	0.25	no	And if the rest of you are smart, you'll do exactly what I did!	do … what … I … did
run into one	clitic	39	0	12	0.00	no	A car coming along the street ran him down.	ran … him
know one's mind	filled	37	0	12	0.00	no	All I know for sure is that he's not a spy.	All … know
do one's best	filled	36	5	12	0.42	no	After all we've done?	all … done
do one's damnedest	filled	36	0	12	0.00	no	After all we've done?	all … done
happy to see someone	clitic	36	12	12	1.00	yes		
have one's moments	filled	36	0	12	0.00	no	A couple of Miss Strong's prize poodles have got loose.	Miss Strong … have
in one's head	clitic	35	12	12	1.00	yes		
speak for oneself	filled	35	7	12	0.58	no	But can we let him get away with speaking up for the Japanese?	speaking … for … Japanese
apply oneself	filled	34	1	12	0.08	no	A committee should apply the focus to the more concrete problem.	apply … focus
burn one down	filled	34	12	12	1.00	yes		
pleased with oneself	filled	34	0	12	0.00	no	And Mother will be pleased with your additional catch.	pleased … with … catch
see someone off	filled	34	12	12	1.00	yes		
call outta one's name	clitic	33	0	12	0.00	no	And that will count as your call.	your … call
give someone one	filled	33	1	12	0.08	no	Can you give him the new one?	give … him … one
on one's knees	clitic	32	9	12	0.75	yes	He put his hand on my knee under the table.	on … my … knee
raise one's hand	clitic	32	8	12	0.67	yes	But through all of it our protests were on, and we never raised our hands!	raised … our … hands
on someone's hands	clitic	31	1	12	0.08	no	As to your enquiry on my hand.	on … my … hand
tie someone up	filled	31	10	12	0.83	yes	She tied up the parcel with string.	tied … up … parcel
give someone a break	filled	30	12	12	1.00	yes		
look out for someone	filled	30	5	12	0.42	no	Look out for Indians!	Look … out … for … Indians
risk one's neck	filled	30	0	12	0.00	no	A government statement warned of the risk of war in the country.	risk … war
give someone a lift	filled	29	11	12	0.92	yes	Give us a lift up, pal?	Give … us … a … lift
on one's side	clitic	29	10	12	0.83	yes	I want you to get out on my side, keep your head down and keep it forward.	on … my … side
on someone's side	clitic	29	10	12	0.83	yes	I want you to get out on my side, keep your head down and keep it forward.	on … my … side
victim of one's own success	filled	29	0	12	0.00	no	But my son is also just a victim of this misfortune.	victim … of … misfortune
get oneself together	filled	28	6	12	0.50	no	But, Kabir said it's a miracle to get you two together.	get … you … together
lose one's mind	clitic	28	12	12	1.00	yes		
master of one's time	filled	28	0	12	0.00	no	A jack of all trades is master of none.	master … of … none
taste of one's own medicine	filled	28	0	12	0.00	no	All these years, we've missed the taste of that wonderful fish.	taste … of … fish
taste of one's own poison	filled	28	0	12	0.00	no	All these years, we've missed the taste of that wonderful fish.	taste … of … fish
behind someone's back	clitic	27	8	12	0.67	yes	Hands behind your back.	behind … your … back
have a word with oneself	filled	27	0	12	0.00	no	Can I have a word with John regarding this?	have … a … word … with … John
in someone's face	clitic	27	5	12	0.42	no	But some of its blood got sprayed in my face.	in … my … face
on one's mind	clitic	27	12	12	1.00	yes		
on someone's mind	clitic	27	12	12	1.00	yes		
one's last	filled	27	1	12	0.08	no	And the last of our money is missing too.	last … money
open someone's eyes	clitic	27	2	12	0.17	no	But when I open my eyes, it's still pouring.	open … my … eyes
of one's own	clitic	26	10	12	0.83	yes	But still we almost collide with one of our own.	of … our … own
on one's head	clitic	26	11	12	0.92	yes	Ukey, you stand on your head all season.	on … your … head
expose oneself	filled	25	6	12	0.50	no	And I think we should expose Vanessa.	expose … Vanessa
get on someone's nerves	clitic	25	12	12	1.00	yes		
hold someone's hand	clitic	25	7	12	0.58	no	He held out his hand to me.	held … his … hand
in someone's time	clitic	25	0	12	0.00	no	A cyborg who goes diving in her spare time.	in … her … time
take one's time	clitic	25	10	12	0.83	yes	Because I'm doing that, it's gonna take up my time.	take … my … time
for all of someone	filled	24	9	12	0.75	yes	I am responsible for all of it, and I accept that.	for … all … of … it
go fuck oneself	filled	24	12	12	1.00	yes		
in someone's way	clitic	24	8	12	0.67	yes	Do your work in your own way.	in … your … way
keep one's mouth shut	clitic	24	12	12	1.00	yes		
lay one down	filled	24	6	12	0.50	no	I would lay down my life for you.	lay … down … life
make oneself at home	filled	24	11	12	0.92	yes	At home, he makes toast but changes his mind.	At … home … makes … toast
pain in one's ass	clitic	24	0	12	0.00	no	All my pains went for nothing.	my … pains
show one's face	filled	24	0	12	0.00	no	And let us do it with no show of fear!	show … fear
weight off someone's mind	clitic	24	0	12	0.00	no	A great little fighter for her weight.	her … weight
where someone lives	filled	24	12	12	1.00	yes		
flat on one's back	clitic	23	0	12	0.00	no	Daddy was in his office, under our flat.	our … flat
hold one's breath	clitic	23	12	12	1.00	yes		
knock one out	filled	23	7	12	0.58	no	He must know you could knock his eyes out if you cared to.	knock … eyes … out
knock oneself out	filled	23	1	12	0.08	no	A couple more years, and he'll knock you out cold.	knock … you … out
give one's word	clitic	22	12	12	1.00	yes		
satisfy oneself	filled	22	1	12	0.08	no	A piece of bread was not enough to satisfy his hunger.	satisfy … hunger
think for oneself	filled	22	6	12	0.50	no	But for safety's sake, I think I'd like to go along too.	for … sake … think
on someone's account	filled	21	11	12	0.92	yes	The mobile, put it on account of some probe.	on … account … probe
pick on someone your own size	filled	21	4	12	0.33	no	A man is picking out a tune on the guitar.	picking … on … guitar
price on someone's head	clitic	21	0	12	0.00	no	Each mathematical formula in a book divides its selling price by two.	its … price
take someone's part	filled	21	0	12	0.00	no	And I took part in the revolution.	took … part … revolution
trust someone to	clitic	21	0	12	0.00	no	Boy, you have to trust me, okay?	to … trust … me
with one's own eyes	clitic	21	12	12	1.00	yes		
do one's duty	clitic	20	12	12	1.00	yes		
do somebody wrong	filled	20	1	12	0.08	no	I don't know what I did wrong with Rosa.	what … did … wrong
drive someone mad	filled	20	12	12	1.00	yes		
repeat oneself	clitic	20	12	12	1.00	yes		
shut one's mouth	clitic	20	12	12	1.00	yes		
take one's place	clitic	20	10	12	0.83	yes	Father took his place at the head of the table.	took … his … place
take someone's place	clitic	20	10	12	0.83	yes	Father took his place at the head of the table.	took … his … place
true to oneself	filled	20	5	12	0.42	no	Ham, love some good girl that'll be true to you.	true … to … you
in someone's face	filled	19	2	12	0.17	no	But it's not easy to live in the face of a deadly threat.	in … face … threat
lose one's way	clitic	19	11	12	0.92	yes	People prefer losing their ways to changing their ways.	losing … their … ways
for someone's sake	clitic	18	12	12	1.00	yes		
live one	clitic	18	9	12	0.75	yes	I lived it up for five days, and I'm ready to try it again first chance I get.	lived … it
lose one's temper	clitic	18	12	12	1.00	yes		
step on someone's toes	clitic	18	0	12	0.00	no	And stick to my steps.	my … steps
take one's place	filled	18	11	12	0.92	yes	Yes, I've taken over Emilio's place.	taken … Emilio … place
take someone's place	filled	18	9	12	0.75	yes	Father took his place at the head of the table and began to say grace.	took … place … head
watch one's tongue	filled	18	0	12	0.00	no	And set a watch on the surround.	watch … surround
worth one's salt	filled	18	0	12	0.00	no	A man's worth lies in what he is rather than what he has.	man … worth
worth one's while	filled	18	0	12	0.00	no	A man's worth lies in what he is rather than what he has.	man … worth
all over oneself	filled	17	2	12	0.17	no	All over the country.	All … over … country
be onto something	clitic	17	0	12	0.00	no	Could that have been it?	been … it
give something a try	filled	17	12	12	1.00	yes		
let one off	filled	17	3	12	0.25	no	I've come to Bom Jesus to let off ten colored rockets in Your honor.	let … off … rockets
teach someone a lesson	filled	17	12	12	1.00	yes		
wag one	filled	17	10	12	0.83	yes	This student wagged class three times in a row.	wagged … class
at one's feet	filled	16	1	12	0.08	no	Gloria was in great danger at the foot of the escalator.	at … foot … escalator
in someone's way	filled	16	6	12	0.50	no	And in a similar way to the way that ant colonies behave, it's agent-based.	in … way … way
keep someone busy	filled	16	12	12	1.00	yes		
let someone have it	filled	16	10	12	0.83	yes	I'm happy to let you have it.	let … you … have … it
of one's own	filled	16	11	12	0.92	yes	I hate the sound of my own voice.	of … own … voice
promised one	clitic	16	6	12	0.50	no	No, I promised it all.	promised … it
watch one's mouth	clitic	16	12	12	1.00	yes		
ease oneself	filled	15	0	12	0.00	no	Ease his pain.	Ease … pain
get past oneself	filled	15	11	12	0.92	yes	Never could get anything past you, can I?	get … past … you
give someone a ring	filled	15	11	12	0.92	yes	If you want to marry me you need to get on your knees and give me a ring.	give … me … a … ring
give something a shot	filled	15	10	12	0.83	yes	I can't believe I just gave myself a shot.	gave … myself … a … shot
hit one hard	filled	15	1	12	0.08	no	He wouldn't say anything no matter how hard we hit him.	hard … hit … him
none of someone's business	clitic	15	12	12	1.00	yes		
of someone's life	filled	15	5	12	0.42	no	During the bubble, people dreamed of a life of leisure.	of … life … leisure
save someone's life	filled	15	12	12	1.00	yes		
take one's seat	clitic	15	8	12	0.67	yes	Come, take my seat.	take … my … seat
to one's face	clitic	15	7	12	0.58	no	He struck a heavy blow to my face.	to … my … face
to someone's face	clitic	15	7	12	0.58	no	He struck a heavy blow to my face.	to … my … face
cross someone's mind	clitic	14	12	12	1.00	yes		
do someone like that	clitic	14	2	12	0.17	no	I didn't do you out of your job.	do … you
drive someone nuts	filled	14	12	12	1.00	yes		
keep one's word	clitic	14	12	12	1.00	yes		
of someone's dreams	clitic	14	10	12	0.83	yes	Don't you dare get in the way of my dream!	of … my … dream
set of one's jaw	filled	14	0	12	0.00	no	A TV set of this size will take little space.	set … of … size
show one's face	clitic	14	0	12	0.00	no	But I think it fits better on your show.	your … show
wet oneself	filled	14	12	12	1.00	yes		
God help someone	filled	13	9	12	0.75	yes	I am willing and ready to give up my life for him, so help me God.	help … me … God
blow one's chance	filled	13	0	12	0.00	no	A blow from a falling stone killed him.	blow … stone
blow one's lid	filled	13	0	12	0.00	no	A blow from a falling stone killed him.	blow … stone
find one's way	clitic	13	12	12	1.00	yes		
get one's	filled	13	0	12	0.00	no	All they got from Paulie was protection from other guys looking to rip them off.	All … got
get one's jollies	filled	13	0	12	0.00	no	All they got from Paulie was protection from other guys looking to rip them off.	All … got
good on someone	filled	13	1	12	0.08	no	Actually, it's quite good on toast.	good … on … toast
hand it to someone	filled	13	6	12	0.50	no	Hand it to him.	Hand … it … to … him
have one's way	filled	13	2	12	0.17	no	And I have I way.	have … I … way
hurt someone's feelings	clitic	13	12	12	1.00	yes		
in one's life	filled	13	8	12	0.67	yes	Do you believe in life after death?	in … life … death
let one off	clitic	13	7	12	0.58	no	Let off me!	Let … off … me
pack one's bags	clitic	13	12	12	1.00	yes		
pull oneself	clitic	13	11	12	0.92	yes	For God's sake, pulI yourself together.	pulI … yourself
put one's hand up	clitic	13	8	12	0.67	yes	How can I put my hands up when I'm holding on to the rope?	put … my … hands … up
put one's hands up	clitic	13	4	12	0.33	no	He put up his hand to ask a question.	put … up … his … hand
put something behind one	filled	13	5	12	0.42	no	Men, put your hands behind your back.	put … hands … behind … back
put up one's hand	clitic	13	8	12	0.67	yes	How can I put my hands up when I'm holding on to the rope?	put … my … hands … up
put up one's hands	clitic	13	3	12	0.25	no	He put up his hand to ask a question.	put … up … his … hand
run one's face	filled	13	0	12	0.00	no	He had many run-ins with cops, but always escaped.	run … cops
run one's mouth	filled	13	0	12	0.00	no	He had many run-ins with cops, but always escaped.	run … cops
somebody's in here	filled	13	12	12	1.00	yes		
take one's turn	filled	13	0	12	0.00	no	Gradisca's taking off!	Gradisca … taking
taste of one's own medicine	clitic	13	0	12	0.00	no	Each has his own taste.	his … taste
with one's eyes closed	clitic	13	3	12	0.25	no	Can you walk with your eyes closed?	with … your … eyes … closed
at one's feet	clitic	12	4	12	0.33	no	Everyone looked at my feet.	at … my … feet
beside oneself	filled	12	6	12	0.50	no	Darling, if you like the music, sit beside me and turn the pages.	beside … me
catch someone's eye	clitic	12	12	12	1.00	yes		
drive someone crazy	clitic	12	12	12	1.00	yes		
eat someone for breakfast	filled	12	1	12	0.08	no	I eat cereal for breakfast.	eat … cereal … for … breakfast
find one's way	filled	12	7	12	0.58	no	Grace, we're gonna find a way out of this, I promise.	find … way … this
fruit of one's loins	filled	12	1	12	0.08	no	And the fruit of sin that we feared.	fruit … of … sin
get someone's number	clitic	12	10	12	0.83	yes	You got their number, son.	got … their … number
give someone the creeps	filled	12	12	12	1.00	yes		
go one's way	clitic	12	7	12	0.58	no	Go away, out of my way!	Go … my … way
go one's ways	clitic	12	6	12	0.50	no	Go away, out of my way!	Go … my … way
have someone's number	filled	12	8	12	0.67	yes	I don't have the numbers of my checks.	have … numbers … checks
keep one's eyes open	clitic	12	9	12	0.75	yes	As I said, I couldn't keep my eyes open.	keep … my … eyes … open
keep one's head	clitic	12	1	12	0.08	no	From now on, keep your heads down.	keep … your … heads
kick someone's ass	clitic	12	12	12	1.00	yes		
knock one out	clitic	12	12	12	1.00	yes		
let something slip	filled	12	3	12	0.25	no	Don't let it slip by.	let … it … slip
one's self	clitic	12	3	12	0.25	no	Atreyu must face his true self.	his … self
over one's head	clitic	12	3	12	0.25	no	Hands over your head.	over … your … head
prove oneself	clitic	12	12	12	1.00	yes		
pull someone's leg	clitic	12	11	12	0.92	yes	Pulled off her leg.	Pulled … her … leg
break one's fall	filled	11	0	11	0.00	no	Do you have some kind of, what, break in the case?	break … case
do one's job	filled	11	1	11	0.09	no	He did a real snow job on my daughter.	did … job … daughter
do one's thing	filled	11	0	11	0.00	no	Anu must be so happy, we did such a good thing for them.	did … thing … them
find one's place	filled	11	3	11	0.27	no	Dad and I found a place for Hal scooping wheat.	found … place … Hal
in one's corner	filled	11	0	11	0.00	no	And today I want to fuck you in every corner of this room.	in … corner … room
in someone's corner	filled	11	0	11	0.00	no	And today I want to fuck you in every corner of this room.	in … corner … room
kiss someone's ass	clitic	11	11	11	1.00	yes		
make one's bed	clitic	11	10	11	0.91	yes	As you make your bed, so you must lie in it.	make … your … bed
make one's way	clitic	11	11	11	1.00	yes		
pull oneself together	filled	11	8	11	0.73	yes	For God's sake, pulI yourself together.	pulI … yourself … together
shift one's tides	clitic	11	0	11	0.00	no	Are you still joining us after your shift?	your … shift
slip into something more comfortable	filled	11	3	11	0.27	no	He slipped a love letter into her coat.	slipped … into … coat
take one's medicine	clitic	11	11	11	1.00	yes		
that'll teach someone	filled	11	9	11	0.82	yes	That's what my father taught me and his father taught him.	That … what … taught
thumb one's nose	clitic	11	0	11	0.00	no	I cut my thumb, but she fixed it.	my … thumb
turn one's back	clitic	11	9	11	0.82	yes	I turn my back for a second, Ham, and you sprout like a beanstalk.	turn … my … back
with all one's heart	clitic	11	11	11	1.00	yes		
believe one's eyes	clitic	10	10	10	1.00	yes		
bet one's ass	clitic	10	0	10	0.00	no	And did Gina win her bet?	her … bet
bust someone's balls	clitic	10	10	10	1.00	yes		
fool to oneself	clitic	10	10	10	1.00	yes		
give of oneself	filled	10	1	10	0.10	no	And I'll give you medicine instead of interest.	give … of … interest
give someone a hard time	filled	10	10	10	1.00	yes		
give something a try	clitic	10	10	10	1.00	yes		
in one's book	clitic	10	1	10	0.10	no	He's in my good books.	in … my … books
in someone's blood	clitic	10	4	10	0.40	no	A diabetic has too much sugar in his blood and in his urine.	in … his … blood
in someone's shoes	clitic	10	3	10	0.30	no	Do you walk in my shoes?	in … my … shoes
know someone when	filled	10	0	10	0.00	no	And when we know the world, the world is ours.	when … know … world
lie at one's door	clitic	10	0	10	0.00	no	Her lie reflected my lie, and suddenly, I felt nothing.	Her … lie
look at oneself in the mirror	filled	10	9	10	0.90	yes	He looked at him in the mirror.	looked … at … him … in … the … mirror
love of one's life	clitic	10	10	10	1.00	yes		
mind one's business	clitic	10	10	10	1.00	yes		
of one's word	clitic	10	5	10	0.50	no	He soon comprehended the significance of her words.	of … her … words
owe it to oneself	filled	10	1	10	0.10	no	And you owe it to me.	owe … it … to … me
play one's part	filled	10	6	10	0.60	yes	He played a minor part in the play.	played … part … play
raise one's voice	clitic	10	10	10	1.00	yes		
redeem oneself	filled	10	4	10	0.40	no	Fear of death alone does not redeem sins.	redeem … sins
risk one's life	clitic	10	10	10	1.00	yes		
see oneself out	filled	10	0	10	0.00	no	Come on, I'll see you out.	see … you … out
take one up	clitic	10	5	10	0.50	no	I cannot take it up.	take … it … up
use one's head	clitic	10	10	10	1.00	yes		
against someone's will	clitic	9	9	9	1.00	yes		
before one's eyes	clitic	9	9	9	1.00	yes		
beg someone's pardon	clitic	9	9	9	1.00	yes		
bird of one's own brain	filled	9	0	9	0.00	no	A falcon is a bird of prey.	bird … of … prey
break one's fall	clitic	9	0	9	0.00	no	Check out my break!	my … break
do one's part	clitic	9	9	9	1.00	yes		
fruit of one's loins	clitic	9	0	9	0.00	no	Apricots are my favorite fruit.	my … fruit
get someone there	clitic	9	8	9	0.89	yes	She's got you on a long leash there, Mark.	got … you … there
have one's way	clitic	9	6	9	0.67	yes	Afraid I'll have my way with you?	have … my … way
in something's favor	clitic	9	6	9	0.67	yes	I don't expect you to repay my favor.	my … favor
keep someone company	filled	9	9	9	1.00	yes		
make one's way	filled	9	6	9	0.67	yes	Get back, make way for the gentleman!	make … way … gentleman
on one's back	filled	9	1	9	0.11	no	Climb on Cu's back with your sister.	on … Cu … back
on someone's back	filled	9	5	9	0.56	no	Did you see what I put on the back of the car?	on … back … car
one's turn	filled	9	9	9	1.00	yes		
roof over one's head	clitic	9	3	9	0.33	no	He had his roof damaged.	his … roof
serve someone right	filled	9	8	9	0.89	yes	You loved the book, if memory serves me right.	serves … me … right
sugar in one's tank	filled	9	0	9	0.00	no	A diabetic has too much sugar in his blood and in his urine.	sugar … in … blood
up someone's ass	clitic	9	0	9	0.00	no	By subtracting the pole up your ass and adding Facebook?	up … your … ass
walk one's shots	clitic	9	0	9	0.00	no	Enjoy your walk?	your … walk
watch one's step	clitic	9	8	9	0.89	yes	White devil will be watching your every step.	watching … your … step
at someone's door	clitic	8	8	8	1.00	yes		
bird of one's own brain	clitic	8	0	8	0.00	no	And all I have left are my clothes, my porcelain bird and my Hesperis Diviniana.	my … bird
bring out of oneself	clitic	8	0	8	0.00	no	Bring her on out, Rob.	Bring … her … out
feel someone's pain	filled	8	0	8	0.00	no	All of a sudden, I felt a sharp pain in my stomach.	felt … pain … stomach
fill one's hand	clitic	8	0	8	0.00	no	Better eat your fill.	your … fill
from the bottom of one's heart	clitic	8	8	8	1.00	yes		
have someone's ear	filled	8	0	8	0.00	no	He has a good ear for music.	has … ear … music
in someone's eyes	filled	8	4	8	0.50	no	I can see it in their eyes.	in … their … eyes
make someone's day	clitic	8	7	8	0.88	yes	You make my day so much brighter.	make … my … day
on one's own	filled	8	7	8	0.88	yes	A stone is heavy on its own turf.	on … own … turf
one's fill	clitic	8	8	8	1.00	yes		
pull oneself together	clitic	8	8	8	1.00	yes		
roll up one's sleeves	clitic	8	8	8	1.00	yes		
scare someone to death	filled	8	8	8	1.00	yes		
stick to one's last	clitic	8	0	8	0.00	no	He beat on a drunken man with his stick.	his … stick
stretch one's legs	clitic	8	5	8	0.62	yes	I stretched out my legs.	stretched … my … legs
turn someone's head	clitic	8	0	8	0.00	no	The point is not just to turn your head.	turn … your … head
vote with one's feet	clitic	8	0	8	0.00	no	Because if there is, you know you have my vote.	my … vote
vote with one's wallet	clitic	8	0	8	0.00	no	Because if there is, you know you have my vote.	my … vote
be on one's beanwater	clitic	7	0	7	0.00	no	He speaks a little bit, all of his time is taken up by his farm work.	his … is
be on one's bullshit	clitic	7	0	7	0.00	no	He speaks a little bit, all of his time is taken up by his farm work.	his … is
be on someone's dick	clitic	7	0	7	0.00	no	He speaks a little bit, all of his time is taken up by his farm work.	his … is
break one's neck	clitic	7	0	7	0.00	no	A man could slip and break his neck!	break … his … neck
come one's way	filled	7	0	7	0.00	no	But it's coming all the way from America!	coming … way … America
cut someone slack	filled	7	7	7	1.00	yes		
cut someone some slack	filled	7	7	7	1.00	yes		
for one's part	clitic	7	7	7	1.00	yes		
get out of someone's face	clitic	7	4	7	0.57	no	Get that camera out of my face, you haole piece of shit!	Get … out … of … my … face
go one's way	filled	7	0	7	0.00	no	Am I going the right way to Tomshino?	going … way … Tomshino
go one's ways	filled	7	0	7	0.00	no	Am I going the right way to Tomshino?	going … way … Tomshino
have someone's blood	filled	7	5	7	0.71	yes	But Definite also had the dual blood of Durga and Sardar Khan.	had … blood … Durga
lose one's life	clitic	7	7	7	1.00	yes		
mind one's own business	clitic	7	7	7	1.00	yes		
on one's conscience	clitic	7	7	7	1.00	yes		
on one's plate	clitic	7	4	7	0.57	no	Eat everything on your plate.	on … your … plate
on someone's account	clitic	7	5	7	0.71	yes	I put three on your account.	on … your … account
on someone's ass	clitic	7	5	7	0.71	yes	On your asses, bastards!	On … your … asses
one's last	clitic	7	4	7	0.57	no	Cobbler, stick to your last.	your … last
run for one's life	clitic	7	7	7	1.00	yes		
sell one's soul	clitic	7	7	7	1.00	yes		
serve someone right	clitic	7	7	7	1.00	yes		
speak one's mind	clitic	7	7	7	1.00	yes		
speak someone's language	clitic	7	7	7	1.00	yes		
take one's life	clitic	7	5	7	0.71	yes	Each time I go upstairs, I take my life in my hands.	take … my … life
take someone's life	clitic	7	7	7	1.00	yes		
talk through one's ass	clitic	7	0	7	0.00	no	He needs a few jokes to lighten up his talk.	his … talk
think one is it	filled	7	0	7	0.00	no	I don't think it's worth it.	I … think … 's … it
to one's way of thinking	clitic	7	0	7	0.00	no	His way of thinking is very childish.	His … way … of … thinking
up one's sleeve	clitic	7	7	7	1.00	yes		
up one's sleeves	clitic	7	7	7	1.00	yes		
wait one's turn	clitic	7	7	7	1.00	yes		
at one's risk	filled	6	0	6	0.00	no	He rescued the dog at the risk of his own life.	at … risk … life
be oneself	clitic	6	6	6	1.00	yes		
because one can	filled	6	1	6	0.17	no	Because I can't.	Because … I … can
believe one's ears	clitic	6	6	6	1.00	yes		
bite one's thumb	filled	6	0	6	0.00	no	A bite of heaven, on earth.	bite … heaven
bite one's tongue	filled	6	0	6	0.00	no	A bite of heaven, on earth.	bite … heaven
blow one's nose	clitic	6	6	6	1.00	yes		
comb one's hair	clitic	6	6	6	1.00	yes		
come to someone's rescue	clitic	6	6	6	1.00	yes		
drive someone nuts	clitic	6	6	6	1.00	yes		
eat someone alive	filled	6	6	6	1.00	yes		
fall into someone's hands	filled	6	6	6	1.00	yes		
follow one's heart	clitic	6	6	6	1.00	yes		
get someone's back	clitic	6	5	6	0.83	yes	Get your back against the fence.	Get … your … back
give one's best	clitic	6	6	6	1.00	yes		
have someone's head	filled	6	1	6	0.17	no	And he had this full head of steam.	had … head … steam
in one's backyard	clitic	6	6	6	1.00	yes		
in someone's day	clitic	6	6	6	1.00	yes		
in something's way	filled	6	0	6	0.00	no	Each person must make his or her way in the world.	way … in … world
meat on one's bones	clitic	6	0	6	0.00	no	Help me beat my meat.	my … meat
pass one's word	filled	6	0	6	0.00	no	A pass to Cuauhtemoc Which stops it.	pass … Cuauhtemoc
pee oneself	filled	6	2	6	0.33	no	Car was shaking so much that I almost peed a little bit.	peed … bit
put someone in a box	filled	6	1	6	0.17	no	Could you put these in a box?	put … these … in … a … box
raise one's head	clitic	6	6	6	1.00	yes		
shut one's trap	clitic	6	6	6	1.00	yes		
slip one's wind	filled	6	0	6	0.00	no	A slip of the tongue is sometimes fatal to a politician.	slip … tongue
stick one's tongue out	clitic	6	6	6	1.00	yes		
stick out one's tongue	clitic	6	6	6	1.00	yes		
suck up (to someone)	filled	6	6	6	1.00	yes		
take one's leave	clitic	6	6	6	1.00	yes		
that'll learn someone	filled	6	0	6	0.00	no	That is how she learns English.	That … learns … English
to one's rescue	clitic	6	6	6	1.00	yes		
top of one's class	clitic	6	6	6	1.00	yes		
victim of one's own success	clitic	6	0	6	0.00	no	Authority corrupts its holder and debases its victims.	its … victims
with one's bare hands	clitic	6	6	6	1.00	yes		
bet one's ass	filled	5	0	5	0.00	no	He made a bet with her.	bet … her
break one's back	clitic	5	2	5	0.40	no	Before you jump in, lift him off me, he's breaking my back.	breaking … my … back
break someone's back	clitic	5	2	5	0.40	no	Before you jump in, lift him off me, he's breaking my back.	breaking … my … back
change one's mind	filled	5	5	5	1.00	yes		
change one's ways	clitic	5	3	5	0.60	yes	It is hard for an old man to change his way of thinking.	change … his … way
change someone's mind	filled	5	5	5	1.00	yes		
come one's way	clitic	5	4	5	0.80	yes	On her way home, Mary came across John.	her … way … came
crack one	clitic	5	1	5	0.20	no	Just crack it.	crack … it
do one's bit	filled	5	0	5	0.00	no	And now, we'll do a bit of magic.	do … bit … magic
drive someone insane	filled	5	5	5	1.00	yes		
drop someone a line	filled	5	5	5	1.00	yes		
eat one's fill	clitic	5	5	5	1.00	yes		
get ahead of oneself	filled	5	2	5	0.40	no	I got a couple cars ahead of you.	got … ahead … of … you
get one's kicks	filled	5	4	5	0.80	yes	Keep running, else you'll get a kick on your ass.	get … kick … ass
give someone five	filled	5	2	5	0.40	no	If he gets violent, give him five of them.	give … him … five
give someone the bag	filled	5	5	5	1.00	yes		
give someone the time	filled	5	2	5	0.40	no	Give me half the time you took to read a book!	Give … me … the … time
give something a go	filled	5	2	5	0.40	no	Give Mossy a go first, will you?	Give … Mossy … a … go
handle oneself	clitic	5	5	5	1.00	yes		
have one's work cut out	clitic	5	5	5	1.00	yes		
hold one's horses	clitic	5	5	5	1.00	yes		
hold one's tongue	clitic	5	5	5	1.00	yes		
hold someone's hand	filled	5	5	5	1.00	yes		
in one's head	filled	5	4	5	0.80	yes	He found them in the pigeon's heads, behind the eyes.	in … pigeon … heads
in one's midst	filled	5	0	5	0.00	no	He fainted in the midst of his speech.	in … midst … speech
last thing one needs	filled	5	5	5	1.00	yes		
lay one down	clitic	5	5	5	1.00	yes		
measure one's length	filled	5	0	5	0.00	no	I fear I cannot ever feel that same measure of love again.	measure … love
of one's word	filled	5	0	5	0.00	no	A lot of words in Toki Pona can mean different things.	of … words … Toki Pona
off one's face	clitic	5	0	5	0.00	no	He wiped the sweat off his face.	off … his … face
on one's ones	filled	5	0	5	0.00	no	And on each one of their phones, the exact same images.	on … one … phones
on one's watch	clitic	5	4	5	0.80	yes	What time do you have on your watch?	on … your … watch
one's days are numbered	clitic	5	5	5	1.00	yes		
one's hour	clitic	5	1	5	0.20	no	I've been working on something in my off hours.	my … hours
open one's heart	clitic	5	5	5	1.00	yes		
price on someone's head	filled	5	2	5	0.40	no	It's difficult to put a price on a human life.	price … on … life
put someone in hospital	filled	5	2	5	0.40	no	Put him in a psychiatric hospital!	Put … him … in … hospital
shoot oneself in the foot	filled	5	2	5	0.40	no	He shoots him in the foot, he tells him to go fuck himself.	shoots … him … in … the … foot
show one's hand	clitic	5	0	5	0.00	no	Show me your fucking hands!	Show … your … hands
skin someone alive	filled	5	5	5	1.00	yes		
sleep one off	filled	5	5	5	1.00	yes		
slip someone's mind	clitic	5	5	5	1.00	yes		
spell one's name	clitic	5	5	5	1.00	yes		
spell someone's name	clitic	5	5	5	1.00	yes		
stuck on oneself	filled	5	4	5	0.80	yes	Dang door stuck on me.	stuck … on … me
swallow one's pride	clitic	5	5	5	1.00	yes		
take one's own life	clitic	5	5	5	1.00	yes		
that'll teach someone	clitic	5	5	5	1.00	yes		
to save one's life	clitic	5	5	5	1.00	yes		
trip over oneself	filled	5	0	5	0.00	no	Be careful not to trip over this rock.	trip … over … rock
wipe someone's nose	clitic	5	5	5	1.00	yes		
with all one's might	clitic	5	5	5	1.00	yes		
with one's eyes open	clitic	5	5	5	1.00	yes		
worth one's while	clitic	5	0	5	0.00	no	Another opportunity for one of the Shire-folk to prove their great worth.	their … worth
about one's person	filled	4	0	4	0.00	no	But right now I'm worried about the people at the senior center.	about … people … center
beat someone's time	filled	4	0	4	0.00	no	He marches to the beat of a different drummer.	beat … drummer
behind someone's back	filled	4	3	4	0.75	yes	Put your hands behind your back.	behind … your … back
break one's balls	clitic	4	4	4	1.00	yes		
break someone's balls	clitic	4	4	4	1.00	yes		
catch one's breath	clitic	4	4	4	1.00	yes		
clench one's fists	clitic	4	4	4	1.00	yes		
crap oneself	filled	4	3	4	0.75	yes	Because I was so scared that I was literally crapping liquid in my pants.	crapping … liquid
cross someone's path	clitic	4	4	4	1.00	yes		
cut of one's jib	clitic	4	0	4	0.00	no	Hey, my cut is gone!	my … cut
do one's homework	filled	4	4	4	1.00	yes		
do somebody wrong	clitic	4	0	4	0.00	no	Then you're doing it wrong.	doing … it … wrong
do well for oneself	filled	4	0	4	0.00	no	I can do just as well for you, though.	do … well … for … you
drive someone mad	clitic	4	4	4	1.00	yes		
drive someone up the wall	filled	4	4	4	1.00	yes		
end one's life	clitic	4	4	4	1.00	yes		
feel someone's pain	clitic	4	4	4	1.00	yes		
fold one's arms	clitic	4	4	4	1.00	yes		
for one's heart	clitic	4	2	4	0.50	no	I was aiming for your heart.	for … your … heart
frame one	clitic	4	3	4	0.75	yes	Just in case you wanna frame it.	frame … it
frog in one's pocket	filled	4	0	4	0.00	no	I have a frog in my throat.	frog … in … throat
frog in one's throat	filled	4	2	4	0.50	no	The school janitor ate the frog in our classroom.	frog … in … classroom
gather oneself together	filled	4	0	4	0.00	no	Gather them together.	Gather … them … together
get one's hands dirty	clitic	4	2	4	0.50	no	I got my hands quite dirty.	got … my … hands … dirty
get something over with	filled	4	4	4	1.00	yes		
give it to someone	clitic	4	4	4	1.00	yes		
give one's word	filled	4	4	4	1.00	yes		
give someone line	filled	4	4	4	1.00	yes		
go out of one's way	clitic	4	4	4	1.00	yes		
have blood on one's hands	clitic	4	4	4	1.00	yes		
have someone's head	clitic	4	0	4	0.00	no	He had his head in the clouds in class.	had … his … head
hold oneself together	filled	4	3	4	0.75	yes	Hold the two handsets together.	Hold … handsets … together
hurt someone's feelings	filled	4	4	4	1.00	yes		
in one's pocket	filled	4	4	4	1.00	yes		
in someone's blood	filled	4	0	4	0.00	no	I am thine enemy, wallowing in the blood of my sins!	in … blood … sins
in someone's pocket	filled	4	0	4	0.00	no	It is in the pocket of my jacket.	in … pocket … jacket
in someone's shoes	filled	4	4	4	1.00	yes		
in spite of oneself	filled	4	0	4	0.00	no	He came in spite of bad weather.	in … spite … of … weather
keep one's voice down	clitic	4	4	4	1.00	yes		
keep someone guessing	filled	4	4	4	1.00	yes		
keep someone occupied	filled	4	4	4	1.00	yes		
keep someone posted	filled	4	4	4	1.00	yes		
leave someone hanging	clitic	4	3	4	0.75	yes	I just left it hanging for ten years.	left … it … hanging
leave someone hanging	filled	4	4	4	1.00	yes		
leave someone in the lurch	filled	4	4	4	1.00	yes		
let oneself go	clitic	4	4	4	1.00	yes		
live beyond one's means	clitic	4	4	4	1.00	yes		
live within oneself	filled	4	0	4	0.00	no	I live within spitting distance of the underground station.	live … within … distance
lose one's head	clitic	4	3	4	0.75	yes	My husband says I'd probably lose my head if it weren't screwed on.	lose … my … head
lose one's virginity	clitic	4	4	4	1.00	yes		
off one's rocker	clitic	4	4	4	1.00	yes		
on one's guard	clitic	4	4	4	1.00	yes		
on one's toes	clitic	4	1	4	0.25	no	Don't step on my toes.	on … my … toes
on someone's books	clitic	4	1	4	0.25	no	Did you spill something on my book?	on … my … book
on someone's doorstep	clitic	4	4	4	1.00	yes		
on someone's hands	filled	4	1	4	0.25	no	Gunshot residue was found on Tom's hands.	on … Tom … hands
open one's mind	clitic	4	4	4	1.00	yes		
pass in one's checks	clitic	4	0	4	0.00	no	In this confusion, I'll reach the stage with my all India radio pass.	my … pass
pass one's word	clitic	4	0	4	0.00	no	In this confusion, I'll reach the stage with my all India radio pass.	my … pass
pay one's respects	clitic	4	4	4	1.00	yes		
piece of someone	clitic	4	0	4	0.00	no	Have my piece of cake if you like.	my … piece
play one's part	clitic	4	4	4	1.00	yes		
pull the wool over someone's eyes	clitic	4	4	4	1.00	yes		
put one's foot down	clitic	4	4	4	1.00	yes		
put oneself in someone's shoes	filled	4	4	4	1.00	yes		
read someone's mind	clitic	4	4	4	1.00	yes		
see one's breath	filled	4	0	4	0.00	no	All I've seen at the worksites are student marching bands.	All … seen
sleep one off	clitic	4	4	4	1.00	yes		
slip off someone's tongue	clitic	4	0	4	0.00	no	Bring your pay slips?	your … slips
slip one's wind	clitic	4	0	4	0.00	no	Bring your pay slips?	your … slips
spare someone the details	filled	4	4	4	1.00	yes		
spread one's legs	clitic	4	4	4	1.00	yes		
stare someone in the face	filled	4	4	4	1.00	yes		
strike one's flag	filled	4	0	4	0.00	no	Dave, Jay, Luke, Ken mine strike on Normandy.	mine … strike
take one's time	filled	4	3	4	0.75	yes	Mother took time off from work.	took … time … work
take someone's arm	clitic	4	3	4	0.75	yes	Take your arm out!	Take … your … arm
take someone's breath away	clitic	4	4	4	1.00	yes		
take upon oneself	filled	4	4	4	1.00	yes		
the sun sets on something	filled	4	1	4	0.25	no	The sun is setting on the horizon.	The … sun … setting … on … horizon
tie someone up	clitic	4	2	4	0.50	no	Tie it all up and then stuff him back down the hole.	Tie … it … up
time of one's life	clitic	4	1	4	0.25	no	It was the happiest time of my life.	time … of … my … life
tip one's hat	clitic	4	4	4	1.00	yes		
to one's advantage	clitic	4	4	4	1.00	yes		
to one's feet	clitic	4	3	4	0.75	yes	You'll come to my feet?	to … my … feet
to the best of one's knowledge	clitic	4	4	4	1.00	yes		
twist someone's arm	clitic	4	4	4	1.00	yes		
under one's arm	clitic	4	4	4	1.00	yes		
wash one's hands	filled	4	3	4	0.75	yes	Or wash their hands after they shook yours?	wash … their … hands
watch one's back	clitic	4	4	4	1.00	yes		
while one is at it	filled	4	4	4	1.00	yes		
work someone's ass off	clitic	4	4	4	1.00	yes		
assert oneself	filled	3	2	3	0.67	yes	We must assert our right on your possessions.	assert … right
at one's leisure	clitic	3	3	3	1.00	yes		
bite one's thumb	clitic	3	0	3	0.00	no	I don't want to lose my bite.	my … bite
bite one's tongue	clitic	3	0	3	0.00	no	I don't want to lose my bite.	my … bite
break someone's heart	filled	3	3	3	1.00	yes		
butter someone's biscuit	filled	3	0	3	0.00	no	I don't want butter on my sandwich.	butter … sandwich
catch one's death	filled	3	3	3	1.00	yes		
change one's ways	filled	3	3	3	1.00	yes		
chase one's tail	filled	3	0	3	0.00	no	A wild-goose chase over here at Nakatomi Plaza.	chase … Nakatomi Plaza
clear someone's name	clitic	3	3	3	1.00	yes		
close one's doors	clitic	3	1	3	0.33	no	Close my door.	Close … my … door
close one's doors	filled	3	0	3	0.00	no	Did you close the door to your bedroom?	close … door … bedroom
cover one's tracks	clitic	3	3	3	1.00	yes		
cross one's arms	clitic	3	3	3	1.00	yes		
cut one loose	filled	3	3	3	1.00	yes		
cut someone loose	filled	3	2	3	0.67	yes	They had to call the paramedics to cut the prick loose.	cut … prick … loose
dance to someone's tune	filled	3	3	3	1.00	yes		
do one's business	filled	3	0	3	0.00	no	And I'm here to do the devil's business.	do … devil … business
do someone's business	filled	3	1	3	0.33	no	I got fired for doing business with you.	doing … business … you
drag one's feet	clitic	3	3	3	1.00	yes		
eat one's dinners	clitic	3	3	3	1.00	yes		
fall off one's chair	clitic	3	0	3	0.00	no	My fall was a complete success.	My … fall
feel one's way	clitic	3	3	3	1.00	yes		
feel one's way	filled	3	0	3	0.00	no	Everybody feels that way sometimes.	feels … that … way
fill one's hand	filled	3	0	3	0.00	no	Didn't you have your fill from Evelyn?	fill … Evelyn
find one's place	clitic	3	1	3	0.33	no	Find your own place to hide!	Find … your … place
for one's own good	clitic	3	3	3	1.00	yes		
get one's hopes up	clitic	3	3	3	1.00	yes		
get one's shit together	clitic	3	3	3	1.00	yes		
get someone's goat	clitic	3	2	3	0.67	yes	With motorcycle access only, tricky to get your goat there.	get … your … goat
get under someone's skin	clitic	3	2	3	0.67	yes	I've got the Devil under my skin!	got … under … my … skin
give someone hell	filled	3	2	3	0.67	yes	If war breaks out, we'll give them a hell of a time.	give … them … hell
give something a go	clitic	3	3	3	1.00	yes		
go to someone's head	clitic	3	0	3	0.00	no	And you my go.	my … go
go with one's gut	clitic	3	0	3	0.00	no	And you my go.	my … go
grit one's teeth	clitic	3	3	3	1.00	yes		
hang one's hat	clitic	3	0	3	0.00	no	He hung his hat on a nail.	hung … his … hat
have one's fill	filled	3	3	3	1.00	yes		
hit one hard	clitic	3	3	3	1.00	yes		
hold one's ground	clitic	3	3	3	1.00	yes		
in a world of one's own	filled	3	0	3	0.00	no	I'm an exile in a world of dreary khaki.	in … a … world … of … khaki
in one's bones	clitic	3	2	3	0.67	yes	My lowlife traits are like cancer in my bones.	in … my … bones
in someone's boots	clitic	3	1	3	0.33	no	There's a snake in my boot!	in … my … boot
keep one's countenance	clitic	3	0	3	0.00	no	I earned my keep.	my … keep
keep one's eyes peeled	clitic	3	3	3	1.00	yes		
keep one's fingers crossed	clitic	3	0	3	0.00	no	I earned my keep.	my … keep
keep someone company	clitic	3	3	3	1.00	yes		
keep someone posted	clitic	3	3	3	1.00	yes		
keep to one's own knitting	clitic	3	0	3	0.00	no	I earned my keep.	my … keep
kick someone's ass	filled	3	3	3	1.00	yes		
kick someone's butt	clitic	3	3	3	1.00	yes		
know one's place	clitic	3	3	3	1.00	yes		
know one's place	filled	3	0	3	0.00	no	I know a good place for dinner.	know … place … dinner
know one's shit	filled	3	0	3	0.00	no	I don't know shit about any container.	know … shit … container
laugh in someone's face	clitic	3	0	3	0.00	no	Her laugh was a lie that concealed her sorrow.	Her … laugh
leave someone cold	filled	3	2	3	0.67	yes	Truth is like a blanket that always leaves your feet cold.	leaves … feet … cold
let one loose	filled	3	3	3	1.00	yes		
let one's guard down	clitic	3	3	3	1.00	yes		
let someone have it	clitic	3	2	3	0.67	yes	I'm happy to let you have it.	let … you … have … it
let someone loose	filled	3	3	3	1.00	yes		
let something slip	clitic	3	2	3	0.67	yes	You think I would just let you slip away?	let … you … slip
lose one's nerve	clitic	3	3	3	1.00	yes		
lose one's touch	clitic	3	3	3	1.00	yes		
make one's bed	filled	3	3	3	1.00	yes		
make one's bow	clitic	3	0	3	0.00	no	Do you mind my making a suggestion?	my … making
make one's bow	filled	3	0	3	0.00	no	It'll give you the make and model of the van you're looking for.	make … van
make someone's skin crawl	clitic	3	3	3	1.00	yes		
oar in someone's boat	clitic	3	0	3	0.00	no	Leave me alone and mind your oars!	your … oars
on one's deathbed	clitic	3	3	3	1.00	yes		
on one's game	clitic	3	0	3	0.00	no	But come fall, I'll be focused on my game.	on … my … game
on one's head	filled	3	3	3	1.00	yes		
on one's mark	clitic	3	3	3	1.00	yes		
on one's part	filled	3	1	3	0.33	no	Both working on our distinct individual parts of that mission.	on … parts … mission
on someone's tail	clitic	3	2	3	0.67	yes	It started on her tail and spread to her whole body.	on … her … tail
one's door is open	clitic	3	3	3	1.00	yes		
one's fill	filled	3	3	3	1.00	yes		
one's own boss	clitic	3	3	3	1.00	yes		
pay one's dues	clitic	3	2	3	0.67	yes	Sviridova, when are you going to pay your union dues?	pay … your … dues
pay one's way	clitic	3	2	3	0.67	yes	My grandmother paid my way to Boston.	paid … my … way
pay someone's way	clitic	3	3	3	1.00	yes		
pee in one's pants	clitic	3	0	3	0.00	no	My pee is black.	My … pee
put out of one's mind	clitic	3	3	3	1.00	yes		
rack one's brain	clitic	3	3	3	1.00	yes		
raise one's glass	clitic	3	3	3	1.00	yes		
read someone's mind	filled	3	3	3	1.00	yes		
redeem oneself	clitic	3	3	3	1.00	yes		
refresh someone's memory	clitic	3	3	3	1.00	yes		
rod for one's breech	clitic	3	0	3	0.00	no	Give me your rod.	your … rod
save something for a rainy day	filled	3	3	3	1.00	yes		
say one's prayers	clitic	3	3	3	1.00	yes		
say someone's prayers	clitic	3	3	3	1.00	yes		
see someone off	clitic	3	3	3	1.00	yes		
sell one's soul to the devil	clitic	3	3	3	1.00	yes		
send someone packing	filled	3	3	3	1.00	yes		
service oneself	filled	3	0	3	0.00	no	How many men did you service?	men … service
show one's ass	clitic	3	2	3	0.67	yes	Show off your ass.	Show … your … ass
show one's work	clitic	3	1	3	0.33	no	At the end of the year we show our work.	show … our … work
show someone a good time	filled	3	3	3	1.00	yes		
shut one's eyes	clitic	3	3	3	1.00	yes		
sick to one's stomach	clitic	3	3	3	1.00	yes		
speak someone's language	filled	3	1	3	0.33	no	Do you speak any other language besides English?	speak … language … English
spoil somebody rotten	filled	3	3	3	1.00	yes		
spoil someone rotten	filled	3	3	3	1.00	yes		
stake one's life	filled	3	0	3	0.00	no	A wooden stake to the heart.	stake … heart
stand one's ground	clitic	3	3	3	1.00	yes		
stare someone in the face	clitic	3	3	3	1.00	yes		
suck someone's cock	clitic	3	3	3	1.00	yes		
sun oneself	clitic	3	3	3	1.00	yes		
sun oneself	filled	3	3	3	1.00	yes		
take it upon oneself	filled	3	3	3	1.00	yes		
take one's chance	clitic	3	3	3	1.00	yes		
take one's chances	clitic	3	3	3	1.00	yes		
take one's leave	filled	3	2	3	0.67	yes	Our hero took a leave of two weeks.	took … leave … weeks
take one's life	filled	3	3	3	1.00	yes		
take one's seat	filled	3	3	3	1.00	yes		
take someone's fancy	filled	3	0	3	0.00	no	He took a fancy to her.	took … fancy … her
take someone's life	filled	3	3	3	1.00	yes		
take someone's word for it	clitic	3	3	3	1.00	yes		
thumb one's nose	filled	3	0	3	0.00	no	Mother's thumb is twitching.	Mother … thumb
tie someone's hands	clitic	3	3	3	1.00	yes		
tighten one's belt	clitic	3	3	3	1.00	yes		
try one's luck	clitic	3	3	3	1.00	yes		
try someone's patience	clitic	3	3	3	1.00	yes		
turn one's back	filled	3	3	3	1.00	yes		
twist someone's balls	filled	3	0	3	0.00	no	All the good ones have a little twist in the tale.	twist … tale
up someone's alley	clitic	3	3	3	1.00	yes		
use one's coconut	clitic	3	0	3	0.00	no	All this is for my personal use.	my … use
watch one's language	clitic	3	3	3	1.00	yes		
what someone is made of	filled	3	3	3	1.00	yes		
what was someone smoking	filled	3	0	3	0.00	no	Guess what I'm smoking right now!	what … I … 'm … smoking
win someone's heart	clitic	3	3	3	1.00	yes		
wish someone well	filled	3	3	3	1.00	yes		
with one's eyes shut	clitic	3	2	3	0.67	yes	I have to wake up with my eyes shut!	with … my … eyes … shut
words fail someone	filled	3	3	3	1.00	yes		
Earth to someone	filled	2	2	2	1.00	yes		
God love someone	filled	2	0	2	0.00	no	God loves me and watches over me.	God … loves … me
above oneself	filled	2	0	2	0.00	no	Sometimes he goes from above in the trees, sometimes from below in the water.	above … trees
answer someone's prayers	clitic	2	2	2	1.00	yes		
ants in one's pants	clitic	2	2	2	1.00	yes		
ask for someone's hand in marriage	clitic	2	2	2	1.00	yes		
assert oneself	clitic	2	2	2	1.00	yes		
at one's best	clitic	2	2	2	1.00	yes		
at the top of one's lungs	clitic	2	2	2	1.00	yes		
bang for one's buck	clitic	2	2	2	1.00	yes		
bare one's soul	clitic	2	2	2	1.00	yes		
bash someone's head	clitic	2	2	2	1.00	yes		
be one's own worst enemy	clitic	2	2	2	1.00	yes		
before one's eyes	filled	2	2	2	1.00	yes		
beg for one's life	clitic	2	2	2	1.00	yes		
bite one's lip	clitic	2	2	2	1.00	yes		
bite one's nails	clitic	2	2	2	1.00	yes		
bite someone's head off	clitic	2	1	2	0.50	no	I hoped you would cry out in your sleep, so I could bite off your head.	bite … off … your … head
bite the hand that feeds one	clitic	2	2	2	1.00	yes		
bite the hand that feeds one	filled	2	2	2	1.00	yes		
blow someone's mind	clitic	2	2	2	1.00	yes		
break one's word	clitic	2	2	2	1.00	yes		
bring out of oneself	filled	2	0	2	0.00	no	They've brought them out of the county.	brought … out … of … county
broaden someone's horizons	clitic	2	2	2	1.00	yes		
brush one's teeth	filled	2	2	2	1.00	yes		
carry one's weight	filled	2	0	2	0.00	no	Don't carry the weight of the dead.	carry … weight … dead
cat got someone's tongue	clitic	2	2	2	1.00	yes		
catch one's death	clitic	2	2	2	1.00	yes		
catch someone's eye	filled	2	2	2	1.00	yes		
change one's spots	clitic	2	2	2	1.00	yes		
clear one's throat	clitic	2	2	2	1.00	yes		
clear someone's name	filled	2	2	2	1.00	yes		
close to someone's heart	clitic	2	2	2	1.00	yes		
clothes on one's back	filled	2	1	2	0.50	no	He had no clothes on him at all.	clothes … on … him
collect one's thoughts	clitic	2	2	2	1.00	yes		
cross one's fingers	clitic	2	2	2	1.00	yes		
cross oneself	clitic	2	2	2	1.00	yes		
cry one's eyes out	clitic	2	2	2	1.00	yes		
cut someone's throat	filled	2	2	2	1.00	yes		
do one's stuff	filled	2	0	2	0.00	no	I like doing stuff like that.	doing … stuff … that
do one's worst	clitic	2	2	2	1.00	yes		
does someone look like	filled	2	2	2	1.00	yes		
drink oneself to death	clitic	2	2	2	1.00	yes		
drink oneself to death	filled	2	2	2	1.00	yes		
drive someone insane	clitic	2	2	2	1.00	yes		
dry one's eyes	clitic	2	2	2	1.00	yes		
earn one's keep	clitic	2	2	2	1.00	yes		
eat someone's lunch	filled	2	0	2	0.00	no	I was accused of eating the boss's lunch.	eating … boss … lunch
fall off one's perch	clitic	2	0	2	0.00	no	My fall was a complete success.	My … fall
fall on one's face	clitic	2	0	2	0.00	no	My fall was a complete success.	My … fall
fall on one's feet	clitic	2	0	2	0.00	no	My fall was a complete success.	My … fall
fall over one's feet	clitic	2	0	2	0.00	no	My fall was a complete success.	My … fall
fall to one's knees	clitic	2	2	2	1.00	yes		
fend for oneself	filled	2	2	2	1.00	yes		
figment of one's imagination	clitic	2	2	2	1.00	yes		
find one's account	filled	2	0	2	0.00	no	All I found is a pair of scissors.	All … found
find one's feet	filled	2	0	2	0.00	no	All I found is a pair of scissors.	All … found
float someone's boat	clitic	2	2	2	1.00	yes		
force someone's hand	clitic	2	2	2	1.00	yes		
forget one's manners	clitic	2	2	2	1.00	yes		
get above oneself	filled	2	0	2	0.00	no	Get above him!	Get … above … him
get ahold of oneself	filled	2	0	2	0.00	no	Get ahold of it, tip it over, but not all the way.	Get … ahold … of … it
get off someone's back	clitic	2	2	2	1.00	yes		
get on someone's nerves	filled	2	2	2	1.00	yes		
get on someone's tits	clitic	2	2	2	1.00	yes		
get on someone's wrong side	filled	2	0	2	0.00	no	He got up on the wrong side of the bed.	got … on … wrong … side … bed
get one's act together	clitic	2	2	2	1.00	yes		
get one's feet wet	clitic	2	0	2	0.00	no	I don't want to get my feet wet.	get … my … feet … wet
get one's head together	clitic	2	2	2	1.00	yes		
get one's way	filled	2	0	2	0.00	no	Baby, you got a way with you.	got … way … you
get someone's drift	clitic	2	2	2	1.00	yes		
get someone's number	filled	2	1	2	0.50	no	But it was me who didn't get the right number of umbrellas.	get … number … umbrellas
get something over with	clitic	2	2	2	1.00	yes		
get what one asked for	filled	2	2	2	1.00	yes		
give it one's best shot	clitic	2	2	2	1.00	yes		
give someone a bell	filled	2	2	2	1.00	yes		
give someone a shout	filled	2	2	2	1.00	yes		
give someone the eye	filled	2	0	2	0.00	no	She gave me the evil eye.	gave … me … the … eye
give someone the slip	filled	2	2	2	1.00	yes		
go one's own way	clitic	2	2	2	1.00	yes		
go over someone's head	clitic	2	1	2	0.50	no	Why did you go over my head on this?	go … over … my … head
go with one's gut	filled	2	0	2	0.00	no	Give him a go with gun powder!	go … with … powder
harm a hair on someone's head	filled	2	2	2	1.00	yes		
have butterflies in one's stomach	clitic	2	2	2	1.00	yes		
have one's cake and eat it	clitic	2	2	2	1.00	yes		
have one's hands full	clitic	2	2	2	1.00	yes		
have someone's back	clitic	2	1	2	0.50	no	The old man had his back to me.	had … his … back
have someone's back	filled	2	1	2	0.50	no	The old man had his back to me.	had … back … me
have tickets on oneself	filled	2	0	2	0.00	no	Do you have a cheap flight ticket on a domestic line?	have … ticket … on … line
head on one's shoulders	clitic	2	0	2	0.00	no	He has a good head on his shoulders.	head … on … his … shoulders
hear oneself think	filled	2	2	2	1.00	yes		
hold one's fire	clitic	2	1	2	0.50	no	Hold back your fire!	Hold … your … fire
hold one's nose	clitic	2	0	2	0.00	no	His hold over King Théoden is now very strong.	His … hold
hold one's peace	clitic	2	0	2	0.00	no	His hold over King Théoden is now very strong.	His … hold
in all one's glory	clitic	2	2	2	1.00	yes		
in one's book	filled	2	0	2	0.00	no	In your book, you hope to end the divide between the normal and the marginal.	In … your … book
in one's midst	clitic	2	2	2	1.00	yes		
in one's opinion	filled	2	2	2	1.00	yes		
in one's own time	clitic	2	2	2	1.00	yes		
in one's own world	clitic	2	2	2	1.00	yes		
in one's right mind	clitic	2	2	2	1.00	yes		
in one's sight	filled	2	2	2	1.00	yes		
in one's sights	filled	2	0	2	0.00	no	And walk in the ways of thine heart, and in the sight of thine eyes.	in … sight … eyes
in one's teens	clitic	2	2	2	1.00	yes		
in someone's debt	filled	2	0	2	0.00	no	Italy and France are in a lot of debt.	in … lot … debt
in someone's light	filled	2	0	2	0.00	no	In light of the current AEC guidelines, would you clear Dr. Oppenheimer today?	In … light … guidelines
in the pocket of someone	filled	2	0	2	0.00	no	It is in the pocket of my jacket.	in … the … pocket … of … jacket
jog someone's memory	clitic	2	2	2	1.00	yes		
keep one's chin up	clitic	2	2	2	1.00	yes		
keep one's head	filled	2	1	2	0.50	no	Keeping the worm's head at bay.	Keeping … worm … head
keep one's head down	clitic	2	1	2	0.50	no	Just keep your big head down, Shalulu!	keep … your … head … down
keep one's mouth shut	filled	2	2	2	1.00	yes		
keep someone amused	filled	2	2	2	1.00	yes		
keep someone busy	clitic	2	2	2	1.00	yes		
kiss someone's arse	clitic	2	2	2	1.00	yes		
knock someone's head off	clitic	2	2	2	1.00	yes		
know one's stuff	clitic	2	2	2	1.00	yes		
laugh one's head off	clitic	2	2	2	1.00	yes		
lay down one's arms	clitic	2	2	2	1.00	yes		
leave one's mark	filled	2	1	2	0.50	no	The vaccination left a funny little mark on my arm.	left … mark … arm
let one loose	clitic	2	2	2	1.00	yes		
let someone hold	clitic	2	1	2	0.50	no	Let me hold her!	Let … me … hold
let someone hold	filled	2	1	2	0.50	no	Let me hold her!	Let … me … hold
let someone loose	clitic	2	2	2	1.00	yes		
let something ride	clitic	2	0	2	0.00	no	He'll let me ride with the baggage.	let … me … ride
let something ride	filled	2	0	2	0.00	no	He'll let me ride with the baggage.	let … me … ride
lick one's lips	clitic	2	2	2	1.00	yes		
lick someone's ass	filled	2	0	2	0.00	no	The house could do with a lick of paint.	lick … paint
like one owns the place	filled	2	2	2	1.00	yes		
like someone owns the place	filled	2	2	2	1.00	yes		
lose one's cool	clitic	2	2	2	1.00	yes		
lose one's shirt	clitic	2	2	2	1.00	yes		
lose one's touch	filled	2	0	2	0.00	no	How come you've lost touch with him?	lost … touch … him
make one's mark	filled	2	1	2	0.50	no	This turns here and after that makes this question mark kind of thing.	makes … mark … thing
make one's own	clitic	2	2	2	1.00	yes		
make someone's acquaintance	clitic	2	2	2	1.00	yes		
make someone's blood boil	clitic	2	2	2	1.00	yes		
make someone's hair stand on end	clitic	2	2	2	1.00	yes		
make something of oneself	filled	2	2	2	1.00	yes		
meet one's end	clitic	2	2	2	1.00	yes		
meet one's match	clitic	2	2	2	1.00	yes		
move someone to tears	filled	2	2	2	1.00	yes		
of one's choice	clitic	2	1	2	0.50	no	I'm living with the consequences of my own choice.	of … my … choice
off one's face	filled	2	0	2	0.00	no	He disappeared off the face of the earth.	off … face … earth
off someone's hands	clitic	2	2	2	1.00	yes		
on one's feet	filled	2	0	2	0.00	no	And Molly would fall asleep with her hand resting on Bo's feet.	on … Bo … feet
on one's guard	filled	2	2	2	1.00	yes		
on one's part	clitic	2	2	2	1.00	yes		
on one's toes	filled	2	0	2	0.00	no	Right at the tip, almost on the toes of the boot.	on … toes … boot
on someone's tail	filled	2	0	2	0.00	no	Don't step on the dog's tail.	on … dog … tail
one could hear a pin drop	filled	2	2	2	1.00	yes		
one should be so lucky	filled	2	2	2	1.00	yes		
one's lips are sealed	clitic	2	2	2	1.00	yes		
one's name is mud	clitic	2	2	2	1.00	yes		
one's word is law	clitic	2	2	2	1.00	yes		
open one's mouth	filled	2	0	2	0.00	no	Sinan's wide open!	Sinan … open
open someone's eyes	filled	2	1	2	0.50	no	Open you eyes, the garage is empty!	Open … you … eyes
out of someone's way	clitic	2	2	2	1.00	yes		
pay one's own way	clitic	2	2	2	1.00	yes		
pay one's respects	filled	2	2	2	1.00	yes		
pee one's pants	clitic	2	2	2	1.00	yes		
pee oneself	clitic	2	2	2	1.00	yes		
poke someone's eye out	clitic	2	2	2	1.00	yes		
push one's way	clitic	2	2	2	1.00	yes		
put one's feet up	clitic	2	2	2	1.00	yes		
put oneself in someone's shoes	clitic	2	2	2	1.00	yes		
put out of one's head	clitic	2	2	2	1.00	yes		
put someone in their place	clitic	2	0	2	0.00	no	Please put it back in its place.	put … it … in … its … place
put words in someone's mouth	clitic	2	2	2	1.00	yes		
raise one's eyebrows	clitic	2	2	2	1.00	yes		
rip someone's head off	clitic	2	2	2	1.00	yes		
risk one's life	filled	2	2	2	1.00	yes		
roll one's eyes	clitic	2	2	2	1.00	yes		
roof over one's head	filled	2	2	2	1.00	yes		
rub one's hands	clitic	2	2	2	1.00	yes		
rub one's hands together	clitic	2	2	2	1.00	yes		
rub someone the wrong way	filled	2	2	2	1.00	yes		
save one's skin	clitic	2	2	2	1.00	yes		
save someone's skin	clitic	2	2	2	1.00	yes		
scratch someone's back	clitic	2	0	2	0.00	no	I can't scratch my back.	scratch … my … back
shift one's tides	filled	2	0	2	0.00	no	All of the night shift on the artillery depot were killed.	shift … depot
show one's butt	clitic	2	2	2	1.00	yes		
show someone the ropes	filled	2	2	2	1.00	yes		
shut one's mouth	filled	2	2	2	1.00	yes		
shut one's trap	filled	2	2	2	1.00	yes		
sit on one's hands	clitic	2	2	2	1.00	yes		
sit one's ass down	clitic	2	2	2	1.00	yes		
skeleton in one's closet	clitic	2	2	2	1.00	yes		
slap someone around	filled	2	2	2	1.00	yes		
slit someone's throat	clitic	2	2	2	1.00	yes		
smash someone's head	clitic	2	1	2	0.50	no	The hatchet that smashed his head was next to him.	smashed … his … head
someone's cup of tea	filled	2	1	2	0.50	no	She brought me a cup of tea without sugar.	cup … of … tea … sugar
spit in someone's face	clitic	2	0	2	0.00	no	Save your spit and fire for the bandits.	your … spit
spread oneself thin	filled	2	2	2	1.00	yes		
spread oneself too thin	filled	2	2	2	1.00	yes		
stand on one's head	clitic	2	2	2	1.00	yes		
standing on one's head	clitic	2	2	2	1.00	yes		
steal someone's heart	clitic	2	2	2	1.00	yes		
stick in someone's throat	clitic	2	1	2	0.50	no	A fish bone has stuck in my throat.	stuck … in … my … throat
stuff one's face	clitic	2	2	2	1.00	yes		
sweat of one's brow	filled	2	1	2	0.50	no	Perfumes are often made from the sweat of various male animals.	sweat … of … animals
sweat one's guts out	clitic	2	2	2	1.00	yes		
take one's pick	clitic	2	2	2	1.00	yes		
take someone to the grave	filled	2	1	2	0.50	no	He took that secret with him to the grave.	took … secret … to … the … grave
take someone's head off	clitic	2	2	2	1.00	yes		
thank one's lucky stars	clitic	2	2	2	1.00	yes		
there one has it	filled	2	2	2	1.00	yes		
time is on one's side	clitic	2	2	2	1.00	yes		
to one's face	filled	2	1	2	0.50	no	It is rare to be this close to the face of a murderer.	to … face … murderer
to one's name	clitic	2	1	2	0.50	no	I am going back to my maiden name.	to … my … name
to someone's face	filled	2	1	2	0.50	no	It is rare to be this close to the face of a murderer.	to … face … murderer
to someone's liking	clitic	2	2	2	1.00	yes		
try someone's patience	filled	2	2	2	1.00	yes		
under one's breath	clitic	2	2	2	1.00	yes		
under one's hat	clitic	2	2	2	1.00	yes		
under someone's roof	clitic	2	2	2	1.00	yes		
watch one's ass	clitic	2	1	2	0.50	no	Walk ahead, so I can watch your ass.	watch … your … ass
wish someone well	clitic	2	2	2	1.00	yes		
words fail someone	clitic	2	2	2	1.00	yes		
God love someone	clitic	1	1	1	1.00	yes		
I'd like to see someone try	clitic	1	1	1	1.00	yes		
I'd like to see someone try	filled	1	1	1	1.00	yes		
about one's ears	clitic	1	0	1	0.00	no	I-I make jokes about your ears.	about … your … ears
about one's person	clitic	1	1	1	1.00	yes		
according to one's understanding	clitic	1	1	1	1.00	yes		
act one's age	clitic	1	1	1	1.00	yes		
ahead of one's time	clitic	1	1	1	1.00	yes		
albatross around one's neck	filled	1	1	1	1.00	yes		
around one's ears	clitic	1	0	1	0.00	no	Grab the rabbit by the tail, wrap it around his ear.	around … his … ear
at one's ease	filled	1	1	1	1.00	yes		
at one's own peril	clitic	1	1	1	1.00	yes		
at one's peril	clitic	1	1	1	1.00	yes		
at someone's door	filled	1	0	1	0.00	no	I'll wait for you at the door of your building, ok?	at … door … building
at someone's heels	clitic	1	1	1	1.00	yes		
at someone's heels	filled	1	1	1	1.00	yes		
at someone's throat	filled	1	1	1	1.00	yes		
at the top of one's voice	clitic	1	1	1	1.00	yes		
back of one's hand	clitic	1	1	1	1.00	yes		
back of one's mind	clitic	1	1	1	1.00	yes		
bare one's heart	clitic	1	1	1	1.00	yes		
bare one's teeth	clitic	1	1	1	1.00	yes		
bash someone's head	filled	1	1	1	1.00	yes		
bawl one's eyes out	clitic	1	1	1	1.00	yes		
be on one's beanwater	filled	1	0	1	0.00	no	The number of cases of whooping cough is on the rise in the last years.	is … on … rise
be on one's bullshit	filled	1	0	1	0.00	no	The number of cases of whooping cough is on the rise in the last years.	is … on … rise
be on someone's dick	filled	1	0	1	0.00	no	The number of cases of whooping cough is on the rise in the last years.	is … on … rise
be onto something	filled	1	1	1	1.00	yes		
beat one's face	clitic	1	1	1	1.00	yes		
beat one's meat	clitic	1	1	1	1.00	yes		
beat someone's time	clitic	1	0	1	0.00	no	You guys know my name You dance to my beat.	my … beat
beg for one's life	filled	1	1	1	1.00	yes		
beg someone's pardon	filled	1	1	1	1.00	yes		
believe one's eyes	filled	1	1	1	1.00	yes		
bend to one's will	clitic	1	1	1	1.00	yes		
bend to one's will	filled	1	1	1	1.00	yes		
bet one's life	clitic	1	1	1	1.00	yes		
bide one's time	clitic	1	1	1	1.00	yes		
blood in one's eye	clitic	1	0	1	0.00	no	No, you just got blood in your eyes.	blood … in … your … eyes
blow one's chance	clitic	1	0	1	0.00	no	Guaracy was cashing in from my blows on trafficking.	my … blows
blow one's lid	clitic	1	0	1	0.00	no	Guaracy was cashing in from my blows on trafficking.	my … blows
blow one's nose	filled	1	1	1	1.00	yes		
boot one	clitic	1	1	1	1.00	yes		
bored out of one's mind	clitic	1	1	1	1.00	yes		
box someone's ears	clitic	1	1	1	1.00	yes		
break one's back	filled	1	0	1	0.00	no	The fall broke the Middle Counselor's back.	broke … Counselor … back
break someone's back	filled	1	1	1	1.00	yes		
break someone's face	filled	1	1	1	1.00	yes		
bring oneself away	filled	1	1	1	1.00	yes		
bullet with someone's name on it	clitic	1	1	1	1.00	yes		
burn a hole in someone's pocket	clitic	1	1	1	1.00	yes		
burn one's bridges	clitic	1	1	1	1.00	yes		
burn one's bridges	filled	1	1	1	1.00	yes		
burn one's fingers	clitic	1	0	1	0.00	no	I burnt my fingers on the hob this morning.	burnt … my … fingers
burn one's fingers	filled	1	0	1	0.00	no	I burnt my fingers on the hob this morning.	burnt … my … fingers
burn someone at the stake	filled	1	1	1	1.00	yes		
burn someone's ass	clitic	1	0	1	0.00	no	I burned her ass to a crisp.	burned … her … ass
burst someone's bubble	clitic	1	1	1	1.00	yes		
bust one's arse	clitic	1	1	1	1.00	yes		
bust one's ass	clitic	1	1	1	1.00	yes		
bust someone's ass	clitic	1	1	1	1.00	yes		
by the skin of one's teeth	clitic	1	1	1	1.00	yes		
call someone's number	clitic	1	0	1	0.00	no	When I call out your number go to the cells!	call … your … number
cast one's vote	clitic	1	1	1	1.00	yes		
catch oneself on	filled	1	0	1	0.00	no	He caught on fire in a shower cubicle, and they blamed it on a gas leak.	caught … on … fire
catch someone's drift	clitic	1	1	1	1.00	yes		
change one's story	clitic	1	1	1	1.00	yes		
change one's tune	clitic	1	1	1	1.00	yes		
change oneself	clitic	1	1	1	1.00	yes		
choose one's battles	clitic	1	1	1	1.00	yes		
claim someone's life	clitic	1	1	1	1.00	yes		
click one's fingers	clitic	1	1	1	1.00	yes		
click one's tongue	clitic	1	1	1	1.00	yes		
clip someone's wings	filled	1	0	1	0.00	no	It seems a cruel thing to clip a bird's wings.	clip … bird … wings
close one's mind	clitic	1	1	1	1.00	yes		
close to someone's heart	filled	1	1	1	1.00	yes		
come into one's own	clitic	1	1	1	1.00	yes		
come out of one's shell	clitic	1	1	1	1.00	yes		
come to oneself	clitic	1	0	1	0.00	no	I should have come myself.	come … myself
come to someone's aid	clitic	1	1	1	1.00	yes		
come to someone's aid	filled	1	1	1	1.00	yes		
comfortable in one's own skin	clitic	1	1	1	1.00	yes		
comfortable in one's skin	clitic	1	1	1	1.00	yes		
cool one's heels	clitic	1	1	1	1.00	yes		
cool one's jets	clitic	1	1	1	1.00	yes		
cramp someone's style	clitic	1	1	1	1.00	yes		
cross someone's path	filled	1	1	1	1.00	yes		
cross that bridge when one comes to it	filled	1	1	1	1.00	yes		
curl someone's hair	clitic	1	1	1	1.00	yes		
cut one loose	clitic	1	1	1	1.00	yes		
cut one's own throat	clitic	1	1	1	1.00	yes		
cut one's stick	filled	1	0	1	0.00	no	If you don't cut me stick this in my chest, I'll stop breathing and die.	cut … stick … this
danger is one's middle name	clitic	1	1	1	1.00	yes		
darken someone's door	clitic	1	1	1	1.00	yes		
dig in one's heels	clitic	1	1	1	1.00	yes		
dig in one's heels	filled	1	1	1	1.00	yes		
do one's duty	filled	1	1	1	1.00	yes		
do one's own thing	clitic	1	1	1	1.00	yes		
do one's part	filled	1	1	1	1.00	yes		
do one's utmost	clitic	1	1	1	1.00	yes		
do someone proud	filled	1	1	1	1.00	yes		
drive someone up the wall	clitic	1	1	1	1.00	yes		
drown one's sorrows	clitic	1	0	1	0.00	no	Let the rain drown out your sorrow.	drown … your … sorrow
earn one's crust	filled	1	0	1	0.00	no	You wouldn't have earned even a crust of bread.	earned … crust … bread
earn one's wings	clitic	1	1	1	1.00	yes		
eat from someone's hand	clitic	1	0	1	0.00	no	The goat ate the food from my hand.	ate … from … my … hand
eat from someone's hand	filled	1	0	1	0.00	no	The goat ate the food from my hand.	ate … from … my … hand
eat one's dinners	filled	1	1	1	1.00	yes		
eat one's heart	clitic	1	0	1	0.00	no	How's my eating meat connected to the temple?	my … eating
eat one's heart	filled	1	0	1	0.00	no	That's all they eat.	all … eat
eat one's own	clitic	1	0	1	0.00	no	How's my eating meat connected to the temple?	my … eating
eat one's own	filled	1	0	1	0.00	no	That's all they eat.	all … eat
eat one's young	clitic	1	1	1	1.00	yes		
eat out of someone's hand	clitic	1	1	1	1.00	yes		
eat someone alive	clitic	1	1	1	1.00	yes		
eat someone for breakfast	clitic	1	1	1	1.00	yes		
eat someone's heart	clitic	1	0	1	0.00	no	Well, you told me you'd eat my heart, and it's still intact.	eat … my … heart
eat someone's heart	filled	1	0	1	0.00	no	I hope Howl doesn't eat such an old woman's heart.	eat … woman … heart
egg on one's face	clitic	1	1	1	1.00	yes		
end one's life	filled	1	1	1	1.00	yes		
everything one touches turns to gold	filled	1	1	1	1.00	yes		
expose oneself	clitic	1	1	1	1.00	yes		
extend one's hand	clitic	1	1	1	1.00	yes		
feel one's legs	clitic	1	1	1	1.00	yes		
fight for one's life	clitic	1	1	1	1.00	yes		
find one's legs	filled	1	0	1	0.00	no	I've always found women's legs sexy.	found … women … legs
find one's voice	clitic	1	1	1	1.00	yes		
find one's voice	filled	1	0	1	0.00	no	I don't like their music; I find the singer's voice strident.	find … singer … voice
fix someone's clock	clitic	1	0	1	0.00	no	Can you fix my clock?	fix … my … clock
fix someone's clock	filled	1	0	1	0.00	no	Fix the clock on the wall.	Fix … clock … wall
flip one's lid	clitic	1	1	1	1.00	yes		
flip one's lid	filled	1	1	1	1.00	yes		
follow in someone's footsteps	clitic	1	1	1	1.00	yes		
follow in someone's footsteps	filled	1	1	1	1.00	yes		
follow one's nose	clitic	1	1	1	1.00	yes		
follow someone to the ends of the earth	clitic	1	1	1	1.00	yes		
follow someone to the ends of the earth	filled	1	1	1	1.00	yes		
follow someone to the ends of the world	clitic	1	1	1	1.00	yes		
follow someone to the ends of the world	filled	1	1	1	1.00	yes		
for one's trouble	clitic	1	1	1	1.00	yes		
for one's trouble	filled	1	0	1	0.00	no	They care not for the troubles of others.	for … troubles … others
for the life of one	clitic	1	1	1	1.00	yes		
for the life of one	filled	1	1	1	1.00	yes		
from the bottom of one's heart	filled	1	1	1	1.00	yes		
fuck someone's brains out	clitic	1	1	1	1.00	yes		
fuck someone's brains out	filled	1	1	1	1.00	yes		
get into someone's head	clitic	1	1	1	1.00	yes		
get into someone's head	filled	1	1	1	1.00	yes		
get on someone's last nerve	clitic	1	1	1	1.00	yes		
get one's arse into gear	clitic	1	1	1	1.00	yes		
get one's ass in gear	clitic	1	1	1	1.00	yes		
get one's fill	clitic	1	1	1	1.00	yes		
get one's hands on	filled	1	1	1	1.00	yes		
get one's head around	clitic	1	1	1	1.00	yes		
get one's head right	clitic	1	1	1	1.00	yes		
get one's house in order	clitic	1	1	1	1.00	yes		
get one's jollies	clitic	1	0	1	0.00	no	My getting involved with something like this after so long.	My … getting
get one's juices flowing	clitic	1	1	1	1.00	yes		
get one's way	clitic	1	0	1	0.00	no	Happiness is bae, she gets my way.	gets … my … way
get someone's goat	filled	1	1	1	1.00	yes		
get through one's thick skull	clitic	1	0	1	0.00	no	My getting involved with something like this after so long.	My … getting
get to one's feet	clitic	1	0	1	0.00	no	My getting involved with something like this after so long.	My … getting
get under someone's skin	filled	1	1	1	1.00	yes		
give one's all	filled	1	1	1	1.00	yes		
give one's right arm	clitic	1	0	1	0.00	no	Do you know about our giving birth?	our … giving
give one's right arm	filled	1	0	1	0.00	no	That's all I can give you right now.	all … give
give oneself airs	filled	1	1	1	1.00	yes		
give someone a buzz	filled	1	1	1	1.00	yes		
give someone a jingle	filled	1	1	1	1.00	yes		
give someone an earful	filled	1	1	1	1.00	yes		
give someone enough rope	filled	1	1	1	1.00	yes		
give someone the arm	filled	1	0	1	0.00	no	He was gonna give me the arms!	give … me … the … arms
give someone the boot	filled	1	1	1	1.00	yes		
give someone the chair	filled	1	1	1	1.00	yes		
give someone the cold shoulder	filled	1	1	1	1.00	yes		
give someone what for	filled	1	1	1	1.00	yes		
give something a whirl	filled	1	1	1	1.00	yes		
good as one's word	clitic	1	1	1	1.00	yes		
good head on one's shoulders	clitic	1	1	1	1.00	yes		
hair of the dog that bit one	filled	1	1	1	1.00	yes		
hang one's head	clitic	1	1	1	1.00	yes		
hang up one's hat	clitic	1	0	1	0.00	no	You should hang up your hat.	hang … up … your … hat
have a head on one's shoulders	clitic	1	1	1	1.00	yes		
have eyes in the back of one's head	clitic	1	1	1	1.00	yes		
have had one's chips	filled	1	0	1	0.00	no	He's had a big chip on his shoulder ever since he was passed up for promotion.	's … had … chip … shoulder
have had one's day	clitic	1	1	1	1.00	yes		
have none of something	filled	1	1	1	1.00	yes		
have one's cake and eat it too	clitic	1	1	1	1.00	yes		
have one's head up one's ass	clitic	1	1	1	1.00	yes		
have one's pick	filled	1	1	1	1.00	yes		
have someone there	clitic	1	1	1	1.00	yes		
have someone's blood	clitic	1	1	1	1.00	yes		
heaven help someone	clitic	1	1	1	1.00	yes		
heaven help someone	filled	1	1	1	1.00	yes		
hold one's breath	filled	1	1	1	1.00	yes		
hold one's drink	clitic	1	1	1	1.00	yes		
hold one's liquor	clitic	1	1	1	1.00	yes		
hold one's nerve	clitic	1	1	1	1.00	yes		
hold one's tongue	filled	1	1	1	1.00	yes		
hold up one's end	clitic	1	1	1	1.00	yes		
hold up one's end	filled	1	1	1	1.00	yes		
if it kills one	clitic	1	1	1	1.00	yes		
if it kills one	filled	1	1	1	1.00	yes		
in all one's glory	filled	1	1	1	1.00	yes		
in one's cups	clitic	1	0	1	0.00	no	Is there coffee or tea in your cup?	in … your … cup
in one's element	clitic	1	1	1	1.00	yes		
in one's infinite wisdom	clitic	1	1	1	1.00	yes		
in one's own hands	clitic	1	1	1	1.00	yes		
in one's own right	clitic	1	1	1	1.00	yes		
in one's own world	filled	1	1	1	1.00	yes		
in one's sight	clitic	1	1	1	1.00	yes		
in one's sights	clitic	1	1	1	1.00	yes		
in someone's view	clitic	1	1	1	1.00	yes		
in something's favor	filled	1	0	1	0.00	no	Let me find favor in your eyes.	favor … in … eyes
in the palm of one's hand	clitic	1	0	1	0.00	no	I have a splinter in the palm of my hand.	in … the … palm … of … my … hand
insult one's intelligence	clitic	1	1	1	1.00	yes		
keep one's counsel	clitic	1	1	1	1.00	yes		
keep one's ears open	clitic	1	1	1	1.00	yes		
keep one's eye on the ball	clitic	1	1	1	1.00	yes		
keep one's eyes on the ball	clitic	1	1	1	1.00	yes		
keep one's head on a swivel	clitic	1	1	1	1.00	yes		
keep one's nose clean	clitic	1	1	1	1.00	yes		
keep one's own counsel	clitic	1	1	1	1.00	yes		
keep one's powder dry	clitic	1	1	1	1.00	yes		
keep one's shirt on	clitic	1	1	1	1.00	yes		
keep one's side of the bargain	clitic	1	1	1	1.00	yes		
keep one's temper	filled	1	1	1	1.00	yes		
keep someone in the loop	filled	1	1	1	1.00	yes		
keep someone occupied	clitic	1	1	1	1.00	yes		
keep someone up late	clitic	1	1	1	1.00	yes		
keep someone up late	filled	1	1	1	1.00	yes		
kill someone dead	filled	1	1	1	1.00	yes		
kiss someone's ass	filled	1	1	1	1.00	yes		
kiss someone's ring	clitic	1	1	1	1.00	yes		
knit one's brow	clitic	1	1	1	1.00	yes		
knit one's brows	clitic	1	1	1	1.00	yes		
knock someone for six	clitic	1	1	1	1.00	yes		
knock someone for six	filled	1	1	1	1.00	yes		
knock someone's socks off	clitic	1	1	1	1.00	yes		
know like the back of one's hand	clitic	1	1	1	1.00	yes		
know one's stuff	filled	1	0	1	0.00	no	You know, girl's stuff.	know … girl … stuff
know someone when	clitic	1	0	1	0.00	no	Stop saying you're on my side when you barely know me.	when … know … me
leave one's mark	clitic	1	1	1	1.00	yes		
leave someone at the altar	filled	1	1	1	1.00	yes		
leave someone cold	clitic	1	1	1	1.00	yes		
leave someone in the lurch	clitic	1	1	1	1.00	yes		
let one's hair down	clitic	1	1	1	1.00	yes		
lick one's wounds	clitic	1	0	1	0.00	no	The injured dog was licking its wounds.	licking … its … wounds
lick someone's boots	filled	1	1	1	1.00	yes		
lie through one's teeth	clitic	1	1	1	1.00	yes		
lift someone's spirits	clitic	1	1	1	1.00	yes		
like one means it	filled	1	1	1	1.00	yes		
like one's life depended on it	clitic	1	1	1	1.00	yes		
live one's best life	clitic	1	1	1	1.00	yes		
live one's own life	clitic	1	1	1	1.00	yes		
lock someone up and throw away the key	filled	1	1	1	1.00	yes		
look one's age	clitic	1	1	1	1.00	yes		
loosen one's tongue	clitic	1	1	1	1.00	yes		
loosen someone's tongue	clitic	1	1	1	1.00	yes		
lose one's battle	filled	1	1	1	1.00	yes		
lose one's life	filled	1	1	1	1.00	yes		
lose one's marbles	clitic	1	1	1	1.00	yes		
lose one's nerve	filled	1	1	1	1.00	yes		
lose one's tongue	clitic	1	1	1	1.00	yes		
lose one's way	filled	1	1	1	1.00	yes		
make a name for oneself	filled	1	1	1	1.00	yes		
make a spectacle of oneself	filled	1	1	1	1.00	yes		
make it one's business	clitic	1	1	1	1.00	yes		
make one's exit	clitic	1	1	1	1.00	yes		
make one's manners	filled	1	0	1	0.00	no	On the mountain he would cut bamboo to make all manner of things.	make … manner … things
make one's mark	clitic	1	1	1	1.00	yes		
make one's number	filled	1	0	1	0.00	no	Sami has made a number of enemies around town.	made … number … enemies
make one's own	filled	1	1	1	1.00	yes		
make one's own luck	clitic	1	1	1	1.00	yes		
make oneself scarce	filled	1	1	1	1.00	yes		
make someone's acquaintance	filled	1	1	1	1.00	yes		
make someone's day	filled	1	1	1	1.00	yes		
make someone's flesh creep	clitic	1	1	1	1.00	yes		
make up one's mind	filled	1	1	1	1.00	yes		
measure one's length	clitic	1	0	1	0.00	no	I chose the age up to my own measure.	my … measure
meat on one's bones	filled	1	1	1	1.00	yes		
mind one's business	filled	1	1	1	1.00	yes		
miss someone's point	filled	1	1	1	1.00	yes		
monkey on one's back	clitic	1	0	1	0.00	no	Do you think that perhaps our caveman has a monkey on his back?	monkey … on … his … back
more power to someone	filled	1	1	1	1.00	yes		
move one's body	clitic	1	1	1	1.00	yes		
mud on one's boots	clitic	1	1	1	1.00	yes		
nail in one's coffin	clitic	1	1	1	1.00	yes		
next thing one knows	filled	1	1	1	1.00	yes		
not do someone any favors	filled	1	1	1	1.00	yes		
not do someone any favours	filled	1	1	1	1.00	yes		
of one's choice	filled	1	0	1	0.00	no	Plenty of choice in men, just like food.	of … choice … men
of one's making	clitic	1	1	1	1.00	yes		
of one's own making	clitic	1	1	1	1.00	yes		
off one's guard	clitic	1	1	1	1.00	yes		
off one's head	clitic	1	0	1	0.00	no	Her hat fell off her head.	off … her … head
off the top of one's head	clitic	1	1	1	1.00	yes		
off with someone's head	clitic	1	1	1	1.00	yes		
offer one's condolences	clitic	1	1	1	1.00	yes		
on one's behaviour	clitic	1	1	1	1.00	yes		
on one's deathbed	filled	1	1	1	1.00	yes		
on one's honor	clitic	1	1	1	1.00	yes		
on one's honor	filled	1	0	1	0.00	no	On my mother's honor.	On … mother … honor
on one's knees	filled	1	1	1	1.00	yes		
on one's last legs	clitic	1	1	1	1.00	yes		
on one's mind	filled	1	0	1	0.00	no	His lecture left a deep impression on the mind of those present there.	on … mind … those
on one's period	clitic	1	1	1	1.00	yes		
on one's plate	filled	1	1	1	1.00	yes		
on one's watch	filled	1	1	1	1.00	yes		
on someone's ass	filled	1	0	1	0.00	no	I bet it's written in pink on every bitch's ass!	on … bitch … ass
on someone's mind	filled	1	0	1	0.00	no	His lecture left a deep impression on the mind of those present there.	on … mind … those
on the edge of one's seat	clitic	1	1	1	1.00	yes		
on the tip of one's tongue	clitic	1	1	1	1.00	yes		
on the tip of one's tongue	filled	1	1	1	1.00	yes		
one's days are numbered	filled	1	1	1	1.00	yes		
one's door is open	filled	1	1	1	1.00	yes		
one's gotta do what one's gotta do	filled	1	1	1	1.00	yes		
one's heart bleeds	clitic	1	1	1	1.00	yes		
one's heart sinks	clitic	1	1	1	1.00	yes		
one's own master	clitic	1	0	1	0.00	no	Their own masters cannot find them if their secrets are forgotten.	Their … own … masters
one's own master	filled	1	1	1	1.00	yes		
one's word is law	filled	1	1	1	1.00	yes		
open one's heart	filled	1	1	1	1.00	yes		
open one's legs	clitic	1	1	1	1.00	yes		
out one's mind	clitic	1	1	1	1.00	yes		
out to get someone	filled	1	1	1	1.00	yes		
outstay one's welcome	clitic	1	1	1	1.00	yes		
pack one's bags	filled	1	0	1	0.00	no	Quentin, pack Laviron's bag and take it to the infirmary.	pack … Laviron … bag
pass in one's checks	filled	1	0	1	0.00	no	Tom got a pass in the test.	pass … in … test
pay one's debt to society	clitic	1	1	1	1.00	yes		
pay one's way	filled	1	1	1	1.00	yes		
pay someone's way	filled	1	1	1	1.00	yes		
pay with one's life	clitic	1	1	1	1.00	yes		
pay with one's life	filled	1	1	1	1.00	yes		
pebble in one's shoe	clitic	1	0	1	0.00	no	I have a pebble in my shoe.	pebble … in … my … shoe
pick one's nose	clitic	1	1	1	1.00	yes		
pick oneself up off the floor	filled	1	0	1	0.00	no	Tom picked something up off the floor.	picked … something … up … off … the … floor
piss one's pants	clitic	1	1	1	1.00	yes		
play one against another	filled	1	0	1	0.00	no	Tell them it was a sham and I want to play a real game against him.	play … game … against … him
play someone like a fiddle	filled	1	1	1	1.00	yes		
pleasure oneself	filled	1	1	1	1.00	yes		
pole up one's ass	clitic	1	1	1	1.00	yes		
poop one's pants	filled	1	0	1	0.00	no	He has poop on his butt, and this hyung is really bad at this.	poop … butt
powder one's nose	clitic	1	1	1	1.00	yes		
practice what one preaches	filled	1	1	1	1.00	yes		
prick one's ears	clitic	1	1	1	1.00	yes		
pull one's finger out	clitic	1	1	1	1.00	yes		
pull one's horns in	filled	1	0	1	0.00	no	General, flux devil's pulling us in.	devil … pulling … in
pull someone's chain	clitic	1	1	1	1.00	yes		
put all one's eggs in one basket	clitic	1	1	1	1.00	yes		
put behind one	filled	1	1	1	1.00	yes		
put one's affairs in order	clitic	1	1	1	1.00	yes		
put one's hands together	clitic	1	1	1	1.00	yes		
put one's hands together	filled	1	1	1	1.00	yes		
put one's money where one's mouth is	clitic	1	1	1	1.00	yes		
put someone in a box	clitic	1	0	1	0.00	no	No, I put it in a box.	put … it … in … a … box
put someone in hospital	clitic	1	1	1	1.00	yes		
put someone on ice	filled	1	1	1	1.00	yes		
put something over	filled	1	0	1	0.00	no	Put the shit over here!	Put … shit … over
putty in someone's hands	clitic	1	1	1	1.00	yes		
rattle one's saber	filled	1	0	1	0.00	no	Rattlesnakes have a rattle at the ends of their tails.	rattle … ends
read someone's lips	clitic	1	1	1	1.00	yes		
refresh someone's memory	filled	1	1	1	1.00	yes		
renew one's vows	clitic	1	0	1	0.00	no	I hereby renew my vow to marry you.	renew … my … vow
rest on one's laurels	clitic	1	0	1	0.00	no	But you need your rest, my love.	your … rest
rest one's case	clitic	1	0	1	0.00	no	But you need your rest, my love.	your … rest
rest one's soul	clitic	1	1	1	1.00	yes		
ring one's bell	clitic	1	0	1	0.00	no	Just ring my bell.	ring … my … bell
ring someone's bell	clitic	1	1	1	1.00	yes		
rip a page out of someone's book	clitic	1	0	1	0.00	no	Tom ripped a page out of his sketch book.	ripped … a … page … out … of … his … book
roll from one's tongue	clitic	1	0	1	0.00	no	You added that to your roll?	your … roll
roll one's r's	clitic	1	1	1	1.00	yes		
rub someone the wrong way	clitic	1	1	1	1.00	yes		
run one's face	clitic	1	0	1	0.00	no	Did you enjoy your run?	your … run
run one's mouth	clitic	1	0	1	0.00	no	Did you enjoy your run?	your … run
rustle someone's jimmies	clitic	1	1	1	1.00	yes		
satisfy oneself	clitic	1	1	1	1.00	yes		
save one's breath	clitic	1	1	1	1.00	yes		
save one's neck	clitic	1	1	1	1.00	yes		
scare someone to death	clitic	1	1	1	1.00	yes		
scratch one's head	clitic	1	1	1	1.00	yes		
seal someone's fate	clitic	1	1	1	1.00	yes		
seal someone's fate	filled	1	1	1	1.00	yes		
see someone's etchings	clitic	1	1	1	1.00	yes		
see the error of one's ways	clitic	1	1	1	1.00	yes		
sell one's ass	clitic	1	0	1	0.00	no	We were selling rich women their own fat asses back to them.	selling … their … asses
sell someone a pup	filled	1	1	1	1.00	yes		
send shivers down someone's spine	clitic	1	1	1	1.00	yes		
send someone packing	clitic	1	1	1	1.00	yes		
serve one's time	clitic	1	1	1	1.00	yes		
serve one's time	filled	1	1	1	1.00	yes		
set one's sights	filled	1	1	1	1.00	yes		
shake one's ass	clitic	1	1	1	1.00	yes		
shake one's head	filled	1	1	1	1.00	yes		
shit one's pants	clitic	1	1	1	1.00	yes		
shoot one's mouth off	clitic	1	1	1	1.00	yes		
show one's cards	clitic	1	0	1	0.00	no	Show your ID card to the officer.	Show … your … card
show one's true colors	clitic	1	1	1	1.00	yes		
show one's true colours	clitic	1	1	1	1.00	yes		
show one's work	filled	1	1	1	1.00	yes		
skin someone alive	clitic	1	1	1	1.00	yes		
sleep with one's fathers	filled	1	0	1	0.00	no	Do you think these days people care if a girl sleeps with her husband's father?	sleeps … with … husband … father
slip through someone's fingers	filled	1	1	1	1.00	yes		
smash someone's head	filled	1	1	1	1.00	yes		
snap at someone's heels	filled	1	1	1	1.00	yes		
someone's goose is cooked	clitic	1	1	1	1.00	yes		
someone's jaw dropped	filled	1	1	1	1.00	yes		
sort oneself out	clitic	1	1	1	1.00	yes		
sow one's oats	filled	1	0	1	0.00	no	Get back in your trough, you fucking sow!	you … sow
sow one's wild oats	filled	1	1	1	1.00	yes		
spell one's name	filled	1	1	1	1.00	yes		
spell someone's name	filled	1	1	1	1.00	yes		
spoil somebody rotten	clitic	1	1	1	1.00	yes		
spread one's legs	filled	1	1	1	1.00	yes		
spread oneself thin	clitic	1	1	1	1.00	yes		
spread oneself too thin	clitic	1	1	1	1.00	yes		
stand on one's own two feet	clitic	1	1	1	1.00	yes		
stand on someone's shoulders	filled	1	1	1	1.00	yes		
stay in one's lane	clitic	1	1	1	1.00	yes		
steal someone's heart	filled	1	1	1	1.00	yes		
steal someone's identity	clitic	1	1	1	1.00	yes		
stew in one's juices	clitic	1	0	1	0.00	no	I don't want pieces of tiny little fingers in my stew.	my … stew
stew in one's own broth	clitic	1	0	1	0.00	no	I don't want pieces of tiny little fingers in my stew.	my … stew
stew in one's own gravy	clitic	1	0	1	0.00	no	I don't want pieces of tiny little fingers in my stew.	my … stew
stick in someone's throat	filled	1	0	1	0.00	no	Just as a thorn stuck in one's throat.	stuck … in … one … throat
stick one on	filled	1	1	1	1.00	yes		
stick one's neck out	clitic	1	1	1	1.00	yes		
story of one's life	clitic	1	1	1	1.00	yes		
suck someone's cock	filled	1	1	1	1.00	yes		
sweep something under the rug	filled	1	1	1	1.00	yes		
sweep the floor with someone	filled	1	0	1	0.00	no	We're sweeping the floor with our gowns.	sweeping … the … floor … with … gowns
tail between one's legs	clitic	1	1	1	1.00	yes		
take matters into one's own hands	clitic	1	1	1	1.00	yes		
take one's eyes off	clitic	1	1	1	1.00	yes		
take one's lumps	clitic	1	1	1	1.00	yes		
take one's medicine	filled	1	0	1	0.00	no	I've taken some medicine for my stomach ache.	taken … medicine … stomach
take one's point	filled	1	0	1	0.00	no	Take down the main points of the speech.	Take … points … speech
take one's turn	clitic	1	0	1	0.00	no	Here is my take on the matter.	my … take
take someone at their word	clitic	1	1	1	1.00	yes		
take someone at their word	filled	1	1	1	1.00	yes		
take someone's point	filled	1	0	1	0.00	no	Take down the main points of the speech.	Take … points … speech
take something as it comes	clitic	1	1	1	1.00	yes		
take something as it comes	filled	1	1	1	1.00	yes		
take something to the head	filled	1	1	1	1.00	yes		
take to one's heels	clitic	1	0	1	0.00	no	Here is my take on the matter.	my … take
talk someone's ear off	clitic	1	1	1	1.00	yes		
tan someone's hide	clitic	1	1	1	1.00	yes		
tear someone a new asshole	filled	1	1	1	1.00	yes		
tell us another one	clitic	1	1	1	1.00	yes		
test someone's patience	clitic	1	1	1	1.00	yes		
the end of one's rope	clitic	1	1	1	1.00	yes		
think on one's feet	clitic	1	1	1	1.00	yes		
think the world revolves around one	filled	1	1	1	1.00	yes		
throw one's hat into the ring	clitic	1	1	1	1.00	yes		
tie oneself in knots	filled	1	0	1	0.00	no	I'm gonna tie your tail in a knot.	tie … tail … in … knot
to one's advantage	filled	1	1	1	1.00	yes		
to one's bones	clitic	1	0	1	0.00	no	A bass that rings to my very bone.	to … my … bone
to save one's life	filled	1	1	1	1.00	yes		
to someone's taste	clitic	1	1	1	1.00	yes		
to someone's taste	filled	1	1	1	1.00	yes		
toot one's own horn	clitic	1	1	1	1.00	yes		
toss one's cookies	clitic	1	1	1	1.00	yes		
true to one's word	clitic	1	1	1	1.00	yes		
try one's hand	clitic	1	1	1	1.00	yes		
try one's hand	filled	1	1	1	1.00	yes		
tug at someone's heartstrings	clitic	1	1	1	1.00	yes		
turn one's coat	clitic	1	0	1	0.00	no	He turned his coat inside out.	turned … his … coat
turn one's nose up	clitic	1	1	1	1.00	yes		
turn one's nose up	filled	1	1	1	1.00	yes		
turn over in one's grave	clitic	1	1	1	1.00	yes		
turn up one's nose	clitic	1	1	1	1.00	yes		
turn up one's nose	filled	1	1	1	1.00	yes		
twist someone's arm	filled	1	1	1	1.00	yes		
twist someone's words	clitic	1	1	1	1.00	yes		
under one's own steam	clitic	1	1	1	1.00	yes		
under one's very nose	clitic	1	1	1	1.00	yes		
under someone's nose	filled	1	1	1	1.00	yes		
walk in someone's shoes	clitic	1	1	1	1.00	yes		
warm someone's heart	clitic	1	1	1	1.00	yes		
watch one's mouth	filled	1	1	1	1.00	yes		
what can one do	clitic	1	0	1	0.00	no	What can I do you for?	What … can … do … you
what someone says goes	filled	1	1	1	1.00	yes		
win someone's heart	filled	1	1	1	1.00	yes		
wipe oneself	clitic	1	1	1	1.00	yes		
wipe someone's nose	filled	1	1	1	1.00	yes		
with all one's might	filled	1	1	1	1.00	yes		
with one's last breath	clitic	1	1	1	1.00	yes		
with one's last breath	filled	1	1	1	1.00	yes		
within one's means	clitic	1	1	1	1.00	yes		
work one's way	clitic	1	1	1	1.00	yes		
work one's way	filled	1	1	1	1.00	yes		
work one's way up	clitic	1	1	1	1.00	yes		
work with one's hands	clitic	1	1	1	1.00	yes		
worth one's weight in gold	clitic	1	1	1	1.00	yes		
would it kill someone	clitic	1	0	1	0.00	no	It would have killed him.	It … would … killed … him
would it kill someone	filled	1	0	1	0.00	no	It would have killed him.	It … would … killed … him
would the real someone please stand up	filled	1	0	1	0.00	no	Mona, would you stand up, please?	would … you … stand … up … please
